plant,scoring,model,step,nMAE,nRMSE,nBias,nCRPS,cov80,n,skill_nMAE,skill_nRMSE
engie_lhb,all,chronos-2,1,2.777192712078368,4.590101148233345,-0.0646364423941689,2.1980614757100785,65.6007309273641,2189.0,-2.274736904131358,-0.05546531789020204
engie_lhb,all,chronos-2,2,3.973385923235228,6.766791638711372,-0.46019651180140186,3.173254877111294,66.42302421196894,2189.0,0.028532887044396826,1.604381350552364
engie_lhb,all,chronos-2,3,4.839657084194314,7.914592797874302,-0.419043955146333,3.7980191099503773,67.42804933759707,2189.0,1.3216635033067359,3.2376308114252073
engie_lhb,all,chronos-2,4,5.289541406973281,8.396425190212108,-0.5582136612725207,4.128794934003057,68.52444038373686,2189.0,2.8676982954230823,4.9537443752799115
engie_lhb,all,chronos-2,5,5.883354881640853,9.274091238141821,-0.8953100393055435,4.606142737532176,68.61580630424852,2189.0,3.651431051266363,5.245424983985059
engie_lhb,all,chronos-2,6,6.242506999698049,9.735725748148793,-1.0475788659182346,4.867727282783089,69.62083142987665,2189.0,3.822284335523829,5.9574663151321205
engie_lhb,all,chronos-2,7,6.523097078023502,10.116332138275114,-1.1719256648268224,5.096741130363394,70.89995431703974,2189.0,4.533504852492332,6.431158455717966
engie_lhb,all,chronos-2,8,6.772579695091099,10.496282962177224,-1.2257871175210313,5.312000609966632,71.90497944266788,2189.0,4.444009898023693,6.398937694204465
engie_lhb,all,chronos-2,9,7.1074969779451855,11.042753264033966,-1.3210551086432682,5.625762220027318,70.85427135678391,2189.0,5.358169854172424,6.784767631429589
engie_lhb,all,chronos-2,10,7.431727870820244,11.415675028415302,-1.3218032022303856,5.853800798675277,70.85427135678391,2189.0,4.941842852889433,6.789037028149425
engie_lhb,all,chronos-2,11,7.898654193972507,11.989991308129195,-1.7081765611773494,6.193905681325702,70.85427135678391,2189.0,4.715657257703354,5.820038503977565
engie_lhb,all,chronos-2,12,8.08323181103778,12.261815278316307,-1.8313138237321196,6.366669811190747,70.21470991320238,2189.0,4.661242252504916,5.05938394229708
engie_lhb,all,chronos-2,13,8.462218053008494,12.937966251666152,-1.916758014417881,6.65070074547141,70.4431247144815,2189.0,4.8737403954248855,6.114282129032911
engie_lhb,all,chronos-2,14,8.693268458708937,13.286076422748975,-1.9949644650396097,6.820374236422324,70.12334399269072,2189.0,4.621759603068187,5.822199600384059
engie_lhb,all,chronos-2,15,8.918052668431493,13.78739102217185,-2.246685978262296,7.030891915985591,70.30607583371402,2189.0,5.784620625061654,6.26269771585185
engie_lhb,all,chronos-2,16,9.03374171734659,13.73569901421738,-2.2039147551248246,7.082271502274732,70.89995431703974,2189.0,6.051211657727262,7.118564152847517
engie_lhb,all,chronos-2 + future wind,1,2.7516571656008235,4.654856728086672,0.07871395260693481,2.174699515743365,65.69209684787575,2189.0,-1.3343479688098236,-1.467013661797223
engie_lhb,all,chronos-2 + future wind,2,3.9509599011196435,6.749680673217461,-0.2695711905425343,3.1253763097787712,65.55504796710827,2189.0,0.5927776837283072,1.8531911448174898
engie_lhb,all,chronos-2 + future wind,3,4.783599930878903,7.820272982641517,-0.14361000337072194,3.7479828977437197,65.46368204659662,2189.0,2.4646425494813884,4.390767683584206
engie_lhb,all,chronos-2 + future wind,4,5.160240899680729,8.221278881020314,-0.20510653104082607,4.021701937371166,66.60575605299223,2189.0,5.242054580513866,6.936373946561658
engie_lhb,all,chronos-2 + future wind,5,5.611664330641176,8.967248381000605,-0.378743940462751,4.414603134152027,66.69712197350388,2189.0,8.100762480753609,8.380477656913177
engie_lhb,all,chronos-2 + future wind,6,5.817848546937698,9.29405183037669,-0.4525983586649715,4.587089726989159,67.24531749657378,2189.0,10.364957003103859,10.223828717309324
engie_lhb,all,chronos-2 + future wind,7,6.07041747601427,9.561480424256905,-0.44033349580974535,4.769986500328252,67.93056190041115,2189.0,11.158538101527537,11.563140225386825
engie_lhb,all,chronos-2 + future wind,8,6.20341960759532,9.712392897589803,-0.3788234089455865,4.898626549372152,69.48378254910918,2189.0,12.474429344635318,13.389311623788547
engie_lhb,all,chronos-2 + future wind,9,6.460765651272427,10.01251148661223,-0.28903906121061096,5.095814673296814,68.3873915029694,2189.0,13.969898646865397,15.481351208186457
engie_lhb,all,chronos-2 + future wind,10,6.694533662653956,10.289612415599452,-0.32762468790408455,5.275003515328139,68.70717222476016,2189.0,14.371187428725785,15.983533213955269
engie_lhb,all,chronos-2 + future wind,11,7.035476855729877,10.739610278685602,-0.6768191763996041,5.542071057774861,67.70214709913202,2189.0,15.128479913904357,15.641633381074172
engie_lhb,all,chronos-2 + future wind,12,7.214385271527413,10.951153509481108,-0.7503974716280299,5.674582971511159,67.88487894015532,2189.0,14.908968865642025,15.207558005605826
engie_lhb,all,chronos-2 + future wind,13,7.574870003148993,11.539831166906628,-0.800700679857363,5.944579934570264,67.97624486066697,2189.0,14.84867845797443,16.25999696240782
engie_lhb,all,chronos-2 + future wind,14,7.789291268446623,11.807033654962051,-0.9086622253723257,6.087739513330841,68.15897670169026,2189.0,14.539750077618285,16.306332773713482
engie_lhb,all,chronos-2 + future wind,15,7.941493811754114,12.261068706294791,-1.066809314341261,6.278687208196544,67.97624486066697,2189.0,16.10154367817449,16.639812289329093
engie_lhb,all,chronos-2 + future wind,16,8.019900429615115,12.211726555077911,-0.9932399151100021,6.323465933250032,67.70214709913202,2189.0,16.594922506892253,17.423736830981852
engie_lhb,all,chronos-2 + noisy wind,1,2.7763310158203125,4.677000803217604,0.13376459305614377,2.1937995219791104,68.84422110552764,2189.0,-2.2430035074172627,-1.94971233655572
engie_lhb,all,chronos-2 + noisy wind,2,3.9857890505783193,6.787012266648779,-0.2583212957476113,3.149802118893588,68.34170854271356,2189.0,-0.28353315970599535,1.3103540919030432
engie_lhb,all,chronos-2 + noisy wind,3,4.823339369752648,7.865567231120335,0.002892933353389695,3.7839902335735105,69.39241662859753,2189.0,1.6543740421980813,3.837008456122304
engie_lhb,all,chronos-2 + noisy wind,4,5.193171979353441,8.209236207477572,-0.06288279459238753,4.054641927710684,70.48880767473732,2189.0,4.637338345187592,7.072695178754962
engie_lhb,all,chronos-2 + noisy wind,5,5.694877250498108,8.982472268064171,-0.024084738626871816,4.4726863037111935,71.4024668798538,2189.0,6.738028818149022,8.22493325781698
engie_lhb,all,chronos-2 + noisy wind,6,5.91887868934262,9.266567707223038,-0.015468957059270656,4.65167791688674,71.7679305619004,2189.0,8.80839514258338,10.48931242590372
engie_lhb,all,chronos-2 + noisy wind,7,6.1600054270500095,9.540224492187447,0.02249843382762118,4.849010490004921,71.90497944266788,2189.0,9.847405124273113,11.759742404170392
engie_lhb,all,chronos-2 + noisy wind,8,6.29134448527629,9.69669867826777,0.11349595163619501,4.986604466720664,72.59022384650525,2189.0,11.233875653183013,13.529265510883237
engie_lhb,all,chronos-2 + noisy wind,9,6.600755314164609,10.042639362293087,0.33098935345630015,5.215733133576964,71.90497944266788,2189.0,12.105827801851287,15.227032664140982
engie_lhb,all,chronos-2 + noisy wind,10,6.818651330265166,10.345932093390225,0.3447140117240261,5.400564131191026,71.90497944266788,2189.0,12.783616280050625,15.523673294320616
engie_lhb,all,chronos-2 + noisy wind,11,7.183625107629379,10.787429843458373,-0.05094720933285536,5.658544839825736,72.45317496573777,2189.0,13.3413135860714,15.266016364070778
engie_lhb,all,chronos-2 + noisy wind,12,7.3735984413538445,11.038098770260797,0.014613785327829105,5.829993516745413,71.85929648241206,2189.0,13.03110785866638,14.53435942657334
engie_lhb,all,chronos-2 + noisy wind,13,7.777238378502783,11.708116077443746,0.025928834071060593,6.119730277491944,71.7679305619004,2189.0,12.573796566598826,15.038819744497388
engie_lhb,all,chronos-2 + noisy wind,14,8.031090939975565,12.040444413996694,-0.10484906416519735,6.292854792027339,70.89995431703974,2189.0,11.886843715813411,14.651810311547852
engie_lhb,all,chronos-2 + noisy wind,15,8.173257920265518,12.46204895360808,-0.18546579945816136,6.4698608144136935,70.16902695294655,2189.0,13.653055850087148,15.273393786709377
engie_lhb,all,chronos-2 + noisy wind,16,8.235113278685477,12.400626112998355,0.015399703629275872,6.5066561533533935,71.2197350388305,2189.0,14.356759513254257,16.146389230951996
engie_lhb,all,persistence,1,2.715423961130898,4.587556645356605,-0.02115112177889829,2.715423961130898,0.5025125628140703,2189.0,0.0,0.0
engie_lhb,all,persistence,2,3.9745199685284054,6.8771269814556515,-0.21292747789360347,3.9745199685284054,0.5025125628140703,2189.0,0.0,0.0
engie_lhb,all,persistence,3,4.9044777770007215,8.179411959674109,-0.02400868253443213,4.9044777770007215,0.5025125628140703,2189.0,0.0,0.0
engie_lhb,all,persistence,4,5.44570787899288,8.834040999326149,0.014466824194299125,5.44570787899288,0.5025125628140703,2189.0,0.0,0.0
engie_lhb,all,persistence,5,6.106323057866426,9.787486500334534,-0.007974989859481014,6.106323057866426,0.5025125628140703,2189.0,0.0,0.0
engie_lhb,all,persistence,6,6.490596035234966,10.35247070306799,0.013851393841590462,6.490596035234966,0.5025125628140703,2189.0,0.0,0.0
engie_lhb,all,persistence,7,6.832865360715822,10.811646239616525,0.07131090205336896,6.832865360715822,0.5025125628140703,2189.0,0.0,0.0
engie_lhb,all,persistence,8,7.08755117064192,11.21385025298727,0.14426881019699664,7.08755117064192,0.5025125628140703,2189.0,0.0,0.0
engie_lhb,all,persistence,9,7.5098896196255875,11.846511544777606,0.22184564831201123,7.5098896196255875,0.5025125628140703,2189.0,0.0,0.0
engie_lhb,all,persistence,10,7.818085363593799,12.24713774479811,0.214101004036959,7.818085363593799,0.5025125628140703,2189.0,0.0,0.0
engie_lhb,all,persistence,11,8.289561502601728,12.730936727592075,-0.01761300912029786,8.289561502601728,0.45682960255824573,2189.0,0.0,0.0
engie_lhb,all,persistence,12,8.478432068987345,12.915247222394083,-0.061573130902564145,8.478432068987345,0.4111466423024212,2189.0,0.0,0.0
engie_lhb,all,persistence,13,8.89577503434341,13.780547824587755,-0.0727973451574592,8.89577503434341,0.45682960255824573,2189.0,0.0,0.0
engie_lhb,all,persistence,14,9.114519645707983,14.107439721859501,-0.05953198449370705,9.114519645707983,0.4111466423024212,2189.0,0.0,0.0
engie_lhb,all,persistence,15,9.465601823818298,14.708542582522588,-0.12510076283729885,9.465601823818298,0.3654636820465966,2189.0,0.0,0.0
engie_lhb,all,persistence,16,9.615602155969277,14.788422346119967,0.011322889141715224,9.615602155969277,0.3654636820465966,2189.0,0.0,0.0
engie_lhb,all,power-curve,1,7.519229132671507,11.63424451156965,-3.0116756591953115,5.914804689227681,68.70717222476016,2189.0,-176.908108652763,-153.60437834256504
engie_lhb,all,power-curve,2,7.555068958051613,11.815489967315177,-3.1632832888172757,5.951087413818186,68.84422110552764,2189.0,-90.08758335283773,-71.80851828352081
engie_lhb,all,power-curve,3,7.606167567061542,11.64393974449667,-2.911276039319668,5.952510705294671,68.88990406578345,2189.0,-55.0861868052547,-42.35668532045178
engie_lhb,all,power-curve,4,7.55152747616741,11.44969401682039,-2.7785357785713782,5.890808172189143,68.0219278209228,2189.0,-38.669345546386104,-29.608794182568985
engie_lhb,all,power-curve,5,7.727339893340009,11.65623029995505,-2.831962523494541,6.01759468973486,67.74783005938785,2189.0,-26.546529230636096,-19.093194147002322
engie_lhb,all,power-curve,6,7.730134019701548,11.833867076090693,-2.9768708350181887,6.036296633339424,67.8391959798995,2189.0,-19.09744463740468,-14.309592516728253
engie_lhb,all,power-curve,7,7.782888766978064,11.941865491728183,-3.0464027022641322,6.083098346251143,67.24531749657378,2189.0,-13.903733735545408,-10.453720248173282
engie_lhb,all,power-curve,8,7.7707866144489754,11.886253987085768,-3.059429642956817,6.069210178062663,67.51941525810872,2189.0,-9.639936662992387,-5.996189702277999
engie_lhb,all,power-curve,9,7.7214527773025505,11.874047287476289,-3.0121252539806127,6.05851191611277,66.83417085427136,2189.0,-2.8171273932453778,-0.23243756269180071
engie_lhb,all,power-curve,10,7.753900225220221,11.794659329806224,-3.005983856217612,6.04455408224189,66.97121973503883,2189.0,0.8209828287686127,3.6945645947688677
engie_lhb,all,power-curve,11,7.835613996457358,12.051471284894669,-3.185787492386012,6.159487413125085,66.3773412517131,2189.0,5.476134123643284,5.337120568864218
engie_lhb,all,power-curve,12,7.786070512808892,11.948081508741806,-3.1591177675591804,6.106624265572613,67.15395157606213,2189.0,8.166150893760104,7.4885574933113315
engie_lhb,all,power-curve,13,7.793670402837522,12.013082228240302,-3.141457989487399,6.098346454948165,67.74783005938785,2189.0,12.389079391633173,12.825800678213072
engie_lhb,all,power-curve,14,7.736398935993656,11.931083483449093,-3.1330680207792936,6.054558039328085,67.19963453631796,2189.0,15.12005857997445,15.427010721429069
engie_lhb,all,power-curve,15,7.68495777123567,12.000191949644057,-3.1829759852562156,6.035760735355911,67.88487894015532,2189.0,18.81173628180718,18.413453390662415
engie_lhb,all,power-curve,16,7.5911137022274895,11.716893320269527,-3.0103274368262527,5.93760552733533,68.43307446322522,2189.0,21.054203583963837,20.76982218902016
engie_lhb,all,power-curve + noisy wind,1,8.17792453722852,12.800450983728894,-2.734309274627147,6.471286291770078,66.14892645043399,2189.0,-201.16566157951422,-179.0254589376057
engie_lhb,all,power-curve + noisy wind,2,8.437474147355777,13.246772840879931,-2.9134152371006143,6.696463188944949,64.27592507994518,2189.0,-112.28913715785941,-92.6207393959744
engie_lhb,all,power-curve + noisy wind,3,8.588758468825686,13.174727672001826,-2.796737231756075,6.749809444839753,64.00182731841024,2189.0,-75.12075412192092,-61.071819550787666
engie_lhb,all,power-curve + noisy wind,4,8.570827466974048,13.026106418992326,-2.654449583413645,6.730835211082722,63.72772955687529,2189.0,-57.38683854189994,-47.45354272168245
engie_lhb,all,power-curve + noisy wind,5,8.74712852776319,13.35232806333398,-2.7464222293838767,6.880130817840587,63.31658291457286,2189.0,-43.24706447515523,-36.42244168487589
engie_lhb,all,power-curve + noisy wind,6,8.90697630705791,13.56630989943225,-2.667732532644565,6.984395144196166,63.133851073549565,2189.0,-37.22894259179495,-31.04417571944278
engie_lhb,all,power-curve + noisy wind,7,8.905292204434808,13.536300576559002,-2.4787226364563892,6.9699550914865425,62.90543627227044,2189.0,-30.33027484536701,-25.201105146769187
engie_lhb,all,power-curve + noisy wind,8,8.672846173661323,13.245327784716524,-2.4178565871864186,6.811238633313582,63.49931475559616,2189.0,-22.367316508218217,-18.115789723410014
engie_lhb,all,power-curve + noisy wind,9,8.641253843173194,13.178918437784699,-2.283753558018979,6.783951230372894,63.08816811329374,2189.0,-15.06499137605184,-11.247251040703787
engie_lhb,all,power-curve + noisy wind,10,8.67120738845586,13.18234937676163,-2.366775371379575,6.786368525250333,63.63636363636363,2189.0,-10.912160525066206,-7.636164885634167
engie_lhb,all,power-curve + noisy wind,11,8.775185430678555,13.381774082094326,-2.7240712526906057,6.893540399113128,62.95111923252627,2189.0,-5.858258340014855,-5.112250327123813
engie_lhb,all,power-curve + noisy wind,12,8.8254393660413,13.413681859308632,-2.724248115698985,6.937336990637666,62.083142987665596,2189.0,-4.092823935256229,-3.859272906911926
engie_lhb,all,power-curve + noisy wind,13,8.856142807608673,13.508213977372343,-2.6704417552012987,6.970892170331294,62.22019186843307,2189.0,0.44551741227415453,1.9762193105959391
engie_lhb,all,power-curve + noisy wind,14,8.782340908626816,13.471349553814076,-2.715274700944638,6.922149824920848,62.85975331201462,2189.0,3.6445007525721773,4.5088987129238145
engie_lhb,all,power-curve + noisy wind,15,8.863833342195107,13.62437586204089,-2.7717666812846073,6.980958793844064,62.85975331201462,2189.0,6.35742441763143,7.371000317665444
engie_lhb,all,power-curve + noisy wind,16,8.830625040036505,13.479115945970706,-2.574538891733729,6.927543947988518,62.8140703517588,2189.0,8.163577311125191,8.853590798972434
engie_lhb,all,t0-alpha,1,2.722186644240356,4.577638344969313,-0.07332368189609915,2.16772328839489,61.5349474645957,2189.0,-0.2490470440807968,0.21620006365111744
engie_lhb,all,t0-alpha,2,3.973506076304904,6.80986865773282,-0.5173440784739355,3.1786537811071187,63.68204659661946,2189.0,0.02550980323484664,0.9780003176354746
engie_lhb,all,t0-alpha,3,4.860028898137577,8.0151097389085,-0.3407074028084771,3.853532394140819,62.722704431247145,2189.0,0.9062917783333568,2.0087290085845755
engie_lhb,all,t0-alpha,4,5.363777685061807,8.580153257269258,-0.41309349565725,4.226268859907063,64.1388761991777,2189.0,1.5044911653657178,2.873970610689458
engie_lhb,all,t0-alpha,5,5.9485102179681615,9.44227315147191,-0.6460250177343786,4.704492285381895,65.82914572864321,2189.0,2.5844168152054037,3.5270888889688323
engie_lhb,all,t0-alpha,6,6.341498285563195,9.92671719927379,-0.9209027683497047,4.977829956758282,66.3773412517131,2189.0,2.297134945117163,4.11257868779118
engie_lhb,all,t0-alpha,7,6.627845774123251,10.30397691793591,-0.9067499356433977,5.204267216663263,68.3873915029694,2189.0,3.000492118157194,4.695578364563846
engie_lhb,all,t0-alpha,8,6.86997402410549,10.684788241686253,-1.0773396817855743,5.4065578636274685,68.61580630424852,2189.0,3.0698493922368897,4.7179336210600775
engie_lhb,all,t0-alpha,9,7.2091502080682694,11.25370705832737,-1.1933705119944424,5.712537181170614,68.70717222476016,2189.0,4.004578319918261,5.004042618027638
engie_lhb,all,t0-alpha,10,7.512234912652504,11.614509736323457,-1.347985729905272,5.9380860374203515,69.16400182731842,2189.0,3.9120889158557604,5.165517214365922
engie_lhb,all,t0-alpha,11,8.000736906413174,12.118987155253889,-1.676877869259811,6.269401710376443,70.03197807217909,2189.0,3.484196312409349,4.8067914045310856
engie_lhb,all,t0-alpha,12,8.163193525372431,12.349682289111893,-1.7491480365764323,6.41113815722013,69.8949291914116,2189.0,3.71812312760047,4.379048449816292
engie_lhb,all,t0-alpha,13,8.509426699750433,13.058258141901232,-1.750416854422282,6.693290262645,71.17405207857469,2189.0,4.343054237561361,5.241371329213685
engie_lhb,all,t0-alpha,14,8.757617590833059,13.434420123051124,-1.952119710754344,6.878029064765998,70.67153951576061,2189.0,3.915752763152902,4.770671447672625
engie_lhb,all,t0-alpha,15,8.996465386682788,13.947343975957525,-2.1463976090253247,7.104931711048802,70.76290543627228,2189.0,4.956224082392968,5.175214351077562
engie_lhb,all,t0-alpha,16,9.101566499608628,13.889195735835324,-2.102532948080153,7.140909306152933,70.89995431703974,2189.0,5.34584988046266,6.080612179165767
engie_lhb,all,t0-alpha + future wind,1,2.809176180656048,4.68626455833245,0.10754603056838079,2.2089230650557568,71.99634536317954,2189.0,-3.4525812862793215,-2.151644559544663
engie_lhb,all,t0-alpha + future wind,2,3.9388137337030296,6.739965012281211,-0.2762852566457345,3.1239452551337625,69.39241662859753,2189.0,0.8983785490602636,1.9944661418103915
engie_lhb,all,t0-alpha + future wind,3,4.685597781462778,7.710034373273744,-0.5022144639996343,3.6840277186724664,66.19460941068981,2189.0,4.4628603796385775,5.738524831790803
engie_lhb,all,t0-alpha + future wind,4,5.12364090378602,8.124600215570231,-0.5193869727519379,3.9881514058492797,64.09319323892188,2189.0,5.914143438527997,8.030761729655012
engie_lhb,all,t0-alpha + future wind,5,5.60438245691342,8.803563374040039,-0.5409120390573809,4.370665718258418,65.69209684787575,2189.0,8.22001384788158,10.052868285037897
engie_lhb,all,t0-alpha + future wind,6,5.789618253719138,9.174370828496887,-0.8766047853296889,4.560367146537949,65.14390132480585,2189.0,10.799898464031465,11.379890930017023
engie_lhb,all,t0-alpha + future wind,7,6.041404621602807,9.407139305922893,-0.9320437313933827,4.717936000631393,65.82914572864321,2189.0,11.583145537498197,12.990685253344436
engie_lhb,all,t0-alpha + future wind,8,6.1864336150457255,9.56805447284478,-1.0930650155474917,4.839006527206332,64.64138876199178,2189.0,12.714088884871922,14.676455838208325
engie_lhb,all,t0-alpha + future wind,9,6.464152536876133,10.008451113869887,-1.0951497109587056,5.062654512761408,64.55002284148013,2189.0,13.924799640418561,15.515626047045094
engie_lhb,all,t0-alpha + future wind,10,6.645722785464955,10.272854807064933,-0.8867322179997348,5.196815251058479,64.96116948378254,2189.0,14.995520304602227,16.120361988838905
engie_lhb,all,t0-alpha + future wind,11,6.96927444105978,10.731309037835274,-1.2635349338028004,5.4575380542126455,65.18958428506167,2189.0,15.927103757268323,15.706838644661225
engie_lhb,all,t0-alpha + future wind,12,7.0995185413259065,10.898877761308315,-1.1088950511384126,5.557778205086913,66.42302421196894,2189.0,16.263779864501938,15.612317955397192
engie_lhb,all,t0-alpha + future wind,13,7.338055254660983,11.42518078002685,-1.013191547134191,5.7723171802653495,67.4737322978529,2189.0,17.51078206978738,17.091969597597377
engie_lhb,all,t0-alpha + future wind,14,7.473957839763537,11.53713843112227,-0.6722553244499961,5.840344961013657,68.66148926450434,2189.0,17.999432440929397,18.219473847933898
engie_lhb,all,t0-alpha + future wind,15,7.563681409462585,11.86532076945326,-0.9739522540928164,5.947084315074673,70.4431247144815,2189.0,20.092968727777148,19.330411542254243
engie_lhb,all,t0-alpha + future wind,16,7.6780550170843735,11.815561066716745,-0.9855227012878187,5.994368290236948,72.22476016445866,2189.0,20.150034365576285,20.102626296598913
engie_lhb,all,t0-alpha + noisy wind,1,2.9441375539368866,4.915542076407378,0.1115983954526278,2.308696966178511,72.04202832343536,2189.0,-8.422758143105424,-7.149457901141121
engie_lhb,all,t0-alpha + noisy wind,2,4.071745929151868,6.997340287544412,-0.3263520822069039,3.238860759797025,69.84924623115577,2189.0,-2.446231529677312,-1.7480163797021442
engie_lhb,all,t0-alpha + noisy wind,3,4.884641957760303,8.052663069433102,-0.5814772290436115,3.859750608023143,65.92051164915486,2189.0,0.40444304454669844,1.549608833323235
engie_lhb,all,t0-alpha + noisy wind,4,5.364044925059565,8.484960831572945,-0.6023424299675418,4.183862174290929,64.36729100045683,2189.0,1.4995838144079343,3.95153438590371
engie_lhb,all,t0-alpha + noisy wind,5,5.977895594884952,9.30456719138519,-0.6242780737457534,4.632063545898276,64.96116948378254,2189.0,2.103188150453783,4.934048276161985
engie_lhb,all,t0-alpha + noisy wind,6,6.192182967625086,9.641116495204079,-0.8786689097055267,4.832811144421829,64.82412060301507,2189.0,4.597621943961849,6.871347220070845
engie_lhb,all,t0-alpha + noisy wind,7,6.368577076954731,9.885954464439699,-0.8341963504785586,4.966831322635526,65.46368204659662,2189.0,6.794928031663295,8.561987274286354
engie_lhb,all,t0-alpha + noisy wind,8,6.573223851487475,10.109910482524658,-0.9485340766360665,5.118371766987094,64.68707172224761,2189.0,7.256770452464501,9.84443117713768
engie_lhb,all,t0-alpha + noisy wind,9,6.811943991563256,10.489868260772301,-0.8940614488555052,5.323227886486067,64.77843764275924,2189.0,9.293686903711485,11.451837774162
engie_lhb,all,t0-alpha + noisy wind,10,6.97839119523322,10.780796990560441,-0.7463091542805143,5.463077452878646,64.77843764275924,2189.0,10.740406753177101,11.972926121946227
engie_lhb,all,t0-alpha + noisy wind,11,7.339959918387072,11.226625915472358,-1.1625991474735353,5.718563703707133,65.28095020557332,2189.0,11.4553898166582,11.816183241720047
engie_lhb,all,t0-alpha + noisy wind,12,7.525180240178906,11.443655395092152,-0.9776684020347982,5.857965372174239,66.42302421196894,2189.0,11.243256076737019,11.394221124550363
engie_lhb,all,t0-alpha + noisy wind,13,7.787393950378667,11.936349011152164,-0.8392919111366981,6.082077449458846,66.28597533120146,2189.0,12.459634823111864,13.382623368173396
engie_lhb,all,t0-alpha + noisy wind,14,7.997990491843552,12.170394698308664,-0.504329697613872,6.218371841939099,68.3873915029694,2189.0,12.25000545574777,13.730663123439635
engie_lhb,all,t0-alpha + noisy wind,15,8.07972502532327,12.53169368879907,-0.8094302524417069,6.329138027454067,69.57514846962083,2189.0,14.641190536958204,14.799895241219597
engie_lhb,all,t0-alpha + noisy wind,16,8.084562295535706,12.408608898553712,-0.7971226349050411,6.3408343544087975,72.08771128369118,2189.0,15.922454315386958,16.09240926359292
engie_lhb,all,t0-beta,1,2.672845716064169,4.49563571777461,-0.15870675010977328,2.114369994782878,66.51439013248059,2189.0,1.5680146333022837,2.003701200617003
engie_lhb,all,t0-beta,2,3.963459844865813,6.799001645940735,-0.49532949569026397,3.1467819187529718,67.8391959798995,2189.0,0.2782757100271205,1.1360170566223848
engie_lhb,all,t0-beta,3,4.838568861912756,7.960543611190677,-0.4138735142097767,3.8005906559223073,68.25034262220193,2189.0,1.3438518448802395,2.6758445419119425
engie_lhb,all,t0-beta,4,5.310557362183324,8.491852561085832,-0.5018762600034807,4.15952760127655,67.74783005938785,2189.0,2.481780510682663,3.8735210564046385
engie_lhb,all,t0-beta,5,5.926768927562282,9.392933771129906,-0.700710056652094,4.65514791969209,68.43307446322522,2189.0,2.940462347022965,4.0311956414054055
engie_lhb,all,t0-beta,6,6.3138656690141906,9.924797177188871,-0.6924258590028326,4.933928990947209,68.61580630424852,2189.0,2.7228680580546616,4.131125198474372
engie_lhb,all,t0-beta,7,6.607315460088919,10.304202586368346,-0.7807903724207628,5.160200034033182,69.80356327089996,2189.0,3.300956315101078,4.693491092862267
engie_lhb,all,t0-beta,8,6.904760556658126,10.696882676941918,-0.8397588001781626,5.388388095369023,70.89995431703974,2189.0,2.5790376617095823,4.610080965791708
engie_lhb,all,t0-beta,9,7.256692332981947,11.28595409574563,-0.8928116677338236,5.719764472730175,69.20968478757423,2189.0,3.3715180843931436,4.731835586477695
engie_lhb,all,t0-beta,10,7.529141010632979,11.617692813499355,-0.9639423497080664,5.942984827000141,69.25536774783005,2189.0,3.695845459891456,5.1395268381472015
engie_lhb,all,t0-beta,11,7.99253791982473,12.194947740398218,-1.2072121567544103,6.295732113907311,69.30105070808588,2189.0,3.5831036742266287,4.210130005847845
engie_lhb,all,t0-beta,12,8.196292911458006,12.469484463682761,-1.3964724139975841,6.4527217958311365,69.84924623115577,2189.0,3.3277279953843886,3.4514458069250242
engie_lhb,all,t0-beta,13,8.48549730119171,13.102488212452595,-1.4867742702481037,6.701907616756869,70.6258565555048,2189.0,4.612051581427856,4.92041115321512
engie_lhb,all,t0-beta,14,8.798594408794202,13.494690295219979,-1.6476406170257054,6.899458303506216,69.98629511192325,2189.0,3.4661753904118187,4.343448837779307
engie_lhb,all,t0-beta,15,9.082415169856036,14.003661571061556,-1.8226385392433138,7.1431091752180444,70.76290543627228,2189.0,4.048201700160781,4.792323967560219
engie_lhb,all,t0-beta,16,9.206186253543274,14.008910156845758,-1.855293314645003,7.212487204118597,70.89995431703974,2189.0,4.2578290551657405,5.271097694060178
engie_lhb,all,t0-beta + future wind,1,2.6338003371377834,4.468080575603468,0.00035242713893277554,2.092340500875308,66.46870717222477,2189.0,3.00592559988756,2.604350833990632
engie_lhb,all,t0-beta + future wind,2,3.870000391335306,6.644170274451639,-0.28354345122930474,3.076395528408787,68.34170854271356,2189.0,2.629740900051347,3.387413197868616
engie_lhb,all,t0-beta + future wind,3,4.653995245354865,7.599303467116285,-0.21917391830072724,3.6442769450866628,67.97624486066697,2189.0,5.1072212585095205,7.092300710831745
engie_lhb,all,t0-beta + future wind,4,5.044245435885611,7.977594217796462,-0.24832632558239257,3.9239676372327614,67.56509821836455,2189.0,7.372089212789623,9.694847257274631
engie_lhb,all,t0-beta + future wind,5,5.557859280691531,8.689106399750333,-0.35133591269401687,4.327391590898952,67.33668341708542,2189.0,8.981899122882808,11.222289814107622
engie_lhb,all,t0-beta + future wind,6,5.738447263117242,9.046743522104679,-0.35489355572443343,4.501287725194499,68.11329374143445,2189.0,11.588285082519324,12.612710708530228
engie_lhb,all,t0-beta + future wind,7,5.972567126204565,9.331972200118129,-0.42418169353405616,4.681476058727504,67.8391959798995,2189.0,12.590592512730714,13.685927255707908
engie_lhb,all,t0-beta + future wind,8,6.155043292748231,9.510233573190083,-0.3328713375107606,4.7893139355730945,70.2603928734582,2189.0,13.156982650881254,15.192076239321617
engie_lhb,all,t0-beta + future wind,9,6.388447032990363,9.87359869622018,-0.2380959399820684,5.002872165352625,69.11831886706258,2189.0,14.932877091889074,16.653956239355217
engie_lhb,all,t0-beta + future wind,10,6.5486965460263615,10.045068839872151,-0.34962287715241436,5.12951548054666,67.97624486066697,2189.0,16.236568910830208,17.980273846934335
engie_lhb,all,t0-beta + future wind,11,6.8418707569380945,10.442950976512956,-0.4691360424569034,5.367291108096194,68.84422110552764,2189.0,17.464020807485014,17.971857059978248
engie_lhb,all,t0-beta + future wind,12,6.985881673270485,10.623821660607737,-0.6164559989455695,5.463901362479697,69.43809958885335,2189.0,17.604085089934905,17.742018579506425
engie_lhb,all,t0-beta + future wind,13,7.150878013316609,11.066345701059154,-0.6906734164662695,5.628137859206776,69.39241662859753,2189.0,19.614895996024828,19.695894227701327
engie_lhb,all,t0-beta + future wind,14,7.304538339639681,11.265022821496164,-0.8191262193567282,5.720381033739257,69.84924623115577,2189.0,19.858219373311904,20.148354034495775
engie_lhb,all,t0-beta + future wind,15,7.397967992817398,11.658545083846828,-1.1675972598297175,5.845988179580364,70.53449063499315,2189.0,21.843659489226695,20.736231897645084
engie_lhb,all,t0-beta + future wind,16,7.475106518383479,11.602268407632842,-1.5875952272591434,5.869163624221177,70.94563727729557,2189.0,22.260651001008803,21.544921181691002
engie_lhb,all,t0-beta + noisy wind,1,2.7140441540550047,4.584665115631674,-0.011882640223552326,2.150181756383543,67.24531749657378,2189.0,0.05081368860421209,0.06302984242946286
engie_lhb,all,t0-beta + noisy wind,2,3.976264832581654,6.792464227456617,-0.3929443061580664,3.1636602611772457,67.70214709913202,2189.0,-0.043901252656031176,1.2310773703514521
engie_lhb,all,t0-beta + noisy wind,3,4.772255463579777,7.791263413748801,-0.4110957896797476,3.760038662647168,67.38236637734126,2189.0,2.695950913285694,4.745433386152287
engie_lhb,all,t0-beta + noisy wind,4,5.198955112070243,8.226362587039189,-0.465085318584722,4.058907177816144,67.70214709913202,2189.0,4.53114218400329,6.878827167921376
engie_lhb,all,t0-beta + noisy wind,5,5.774004891440489,8.993356301443129,-0.5541033009284277,4.494659409774474,67.6564641388762,2189.0,5.442197592179965,8.113729698265871
engie_lhb,all,t0-beta + noisy wind,6,6.020819699892374,9.36631279287416,-0.5240079801458469,4.694154874153539,67.15395157606213,2189.0,7.2377996225979295,9.525821791522471
engie_lhb,all,t0-beta + noisy wind,7,6.201410239113153,9.622193530739304,-0.5332178630931473,4.8518707242103245,67.74783005938785,2189.0,9.241439546476238,11.001587385635824
engie_lhb,all,t0-beta + noisy wind,8,6.351084785344471,9.840824292181445,-0.405171340439501,4.9602390907136495,70.2603928734582,2189.0,10.39098508872912,12.244019046357991
engie_lhb,all,t0-beta + noisy wind,9,6.653852327496662,10.204700304696477,-0.24847162222384697,5.189591484164532,68.84422110552764,2189.0,11.398799922329673,13.859027055140983
engie_lhb,all,t0-beta + noisy wind,10,6.740547118746905,10.337225268877011,-0.40052631685218976,5.299299945760547,69.16400182731842,2189.0,13.782635961799905,15.594766023859908
engie_lhb,all,t0-beta + noisy wind,11,7.075333424945296,10.748323713916726,-0.5601436356423922,5.536942316965676,69.84924623115577,2189.0,14.647675601120024,15.573190379450896
engie_lhb,all,t0-beta + noisy wind,12,7.248988679607354,10.971048667470775,-0.689666506755189,5.656346284869698,69.66651439013248,2189.0,14.500834345032787,15.053514047738947
engie_lhb,all,t0-beta + noisy wind,13,7.416964681564678,11.41590959493542,-0.8036063732498946,5.827400846113859,69.48378254910918,2189.0,16.623738202344075,17.159246930904025
engie_lhb,all,t0-beta + noisy wind,14,7.567728241582566,11.594847080391892,-0.9420062622576889,5.90661857086695,70.16902695294655,2189.0,16.97062998655995,17.810408486625274
engie_lhb,all,t0-beta + noisy wind,15,7.639654382464395,11.988587640319828,-1.3721278694827181,6.022701933465155,70.6258565555048,2189.0,19.29034704121264,18.492348422302175
engie_lhb,all,t0-beta + noisy wind,16,7.67790148782274,11.94313167968719,-1.7644847553741727,6.044526575036058,71.2197350388305,2189.0,20.15163103377391,19.2399878759163
engie_lhb,all,timesfm-3.0,1,2.6780389931309894,4.493338896223128,-0.19519274562121589,2.11746011251692,68.06761078117862,2189.0,1.376763574861395,2.0537675372104935
engie_lhb,all,timesfm-3.0,2,3.9303152711695537,6.7499401679578614,-0.5484455343489252,3.1286194001690077,68.79853814527182,2189.0,1.112202170548382,1.8494178432469366
engie_lhb,all,timesfm-3.0,3,4.824366285065857,7.908637494187183,-0.4711627975681841,3.792919349977068,69.16400182731842,2189.0,1.6334357209353279,3.310439269007237
engie_lhb,all,timesfm-3.0,4,5.289216685946285,8.427437022523574,-0.554127777616765,4.139140387420281,69.62083142987665,2189.0,2.8736611754418218,4.602695152010172
engie_lhb,all,timesfm-3.0,5,5.918386569557823,9.337181058184827,-0.7228879224514141,4.641513532097763,70.21470991320238,2189.0,3.077735758944089,4.600828232399767
engie_lhb,all,timesfm-3.0,6,6.284577020322185,9.816978584061673,-0.8193986730443099,4.920744346838483,70.53449063499315,2189.0,3.1741155017872336,5.1726021194884675
engie_lhb,all,timesfm-3.0,7,6.570723294753463,10.195505035792532,-0.9035211740882187,5.152542732432459,71.5851987208771,2189.0,3.8364880928210887,5.698865743186277
engie_lhb,all,timesfm-3.0,8,6.858860824109077,10.597058246652965,-0.9401514450013161,5.381517332371821,72.08771128369118,2189.0,3.2266482601229662,5.500269688102854
engie_lhb,all,timesfm-3.0,9,7.183217550761793,11.152038386124582,-0.9698797667983351,5.6983623224738835,71.26541799908634,2189.0,4.3498917482102994,5.862258741976866
engie_lhb,all,timesfm-3.0,10,7.475713187579694,11.516363630993272,-1.0772321255378863,5.924158153299169,71.26541799908634,2189.0,4.379233023067474,5.96689715615577
engie_lhb,all,timesfm-3.0,11,7.942979579796527,12.056411420981659,-1.4274247669437254,6.251739583953057,71.12836911831887,2189.0,4.180943982337604,5.29831638506616
engie_lhb,all,timesfm-3.0,12,8.110351858034303,12.298899416268545,-1.5224625095001014,6.408062688464118,71.08268615806304,2189.0,4.341371234186298,4.772249384873062
engie_lhb,all,timesfm-3.0,13,8.487504854003381,12.976936222415215,-1.5860874749643366,6.679502575161952,71.81361352215625,2189.0,4.589484095133289,5.8314924225197124
engie_lhb,all,timesfm-3.0,14,8.73661448417308,13.325828442791906,-1.6563545249224239,6.845721857811344,72.4988579259936,2189.0,4.146188457807076,5.540419058863588
engie_lhb,all,timesfm-3.0,15,8.988048040875665,13.81301975152763,-1.8146300047229218,7.059279982081613,72.3161260849703,2189.0,5.045149709772967,6.0884538761784786
engie_lhb,all,timesfm-3.0,16,9.060753048882614,13.755133445377643,-1.7988584760462012,7.097260002886634,73.0470534490635,2189.0,5.770300165156261,6.9871476250705555
engie_lhb,all,timesfm-3.0 + future wind,1,2.633132838135267,4.448473768829983,-0.10869215980218642,2.084120035941542,66.3773412517131,2189.0,3.030507359939427,3.0317418896047443
engie_lhb,all,timesfm-3.0 + future wind,2,3.7989697634712387,6.611823473431324,-0.3447247531384867,3.0252428376921485,67.61078117862037,2189.0,4.416890755292025,3.857766604277124
engie_lhb,all,timesfm-3.0 + future wind,3,4.582971144205645,7.608957545098997,-0.20540716899858394,3.6175797677826096,67.61078117862037,2189.0,6.5553693464116325,6.974271712777758
engie_lhb,all,timesfm-3.0 + future wind,4,4.965942032660504,7.91602893760372,-0.2381662427992491,3.8663730619650574,69.02695294655094,2189.0,8.809981309924819,10.391756861808243
engie_lhb,all,timesfm-3.0 + future wind,5,5.423906859885402,8.55561278683229,-0.4302691076987471,4.2321516245549775,69.07263590680675,2189.0,11.175566564594163,12.586211112118917
engie_lhb,all,timesfm-3.0 + future wind,6,5.607768918284832,8.915303390447091,-0.5245766893409103,4.415343232819836,69.39241662859753,2189.0,13.601633997210772,13.882360586589149
engie_lhb,all,timesfm-3.0 + future wind,7,5.817651998346979,9.145866736667331,-0.5786729643069289,4.563716885823889,69.16400182731842,2189.0,14.857798431176573,15.407269772158926
engie_lhb,all,timesfm-3.0 + future wind,8,5.864703929334079,9.179272085862216,-0.5930240077703837,4.6312915583192975,70.30607583371402,2189.0,17.253452029709827,18.143439775139313
engie_lhb,all,timesfm-3.0 + future wind,9,6.0379164941210295,9.385734407645872,-0.6040289701367725,4.768597244870241,69.84924623115577,2189.0,19.600462857108468,20.772166792143455
engie_lhb,all,timesfm-3.0 + future wind,10,6.238756217011354,9.630855569952466,-0.6701073006645504,4.910120733333291,69.30105070808588,2189.0,20.20097086604926,21.362396907447966
engie_lhb,all,timesfm-3.0 + future wind,11,6.5362556889548395,10.030681958500988,-0.9667020983419645,5.147837673494023,69.48378254910918,2189.0,21.15076669732896,21.210181362686043
engie_lhb,all,timesfm-3.0 + future wind,12,6.663401025044097,10.195574371383374,-1.040580536518442,5.261235880132688,68.3873915029694,2189.0,21.407626188128837,21.057845848238944
engie_lhb,all,timesfm-3.0 + future wind,13,6.943779675176924,10.732163832588146,-1.1051810740277341,5.477517033080163,69.25536774783005,2189.0,21.942948777712225,22.120920233378328
engie_lhb,all,timesfm-3.0 + future wind,14,7.1116394951639705,10.908692067827108,-1.2288126508680957,5.56126842233086,69.43809958885335,2189.0,21.974610055146094,22.674189768650432
engie_lhb,all,timesfm-3.0 + future wind,15,7.249437763691665,11.33028342729447,-1.465342435815709,5.721364694704334,68.79853814527182,2189.0,23.41281728701179,22.9680074437989
engie_lhb,all,timesfm-3.0 + future wind,16,7.368276460325473,11.324361868678428,-1.6487022743189703,5.777723978360701,69.52946550936501,2189.0,23.371658469133795,23.424138128908677
engie_lhb,all,timesfm-3.0 + noisy wind,1,2.64688627407697,4.479454791220337,-0.09108975748548877,2.0993200421375433,68.57012334399269,2189.0,2.5240142252182296,2.356414590448397
engie_lhb,all,timesfm-3.0 + noisy wind,2,3.861972568836848,6.6688611979523476,-0.25524108863663253,3.08453489032763,69.8949291914116,2189.0,2.831723090656124,3.0283835686747973
engie_lhb,all,timesfm-3.0 + noisy wind,3,4.670633854130462,7.732665256948362,-0.07313852703090594,3.7108577443590445,69.66651439013248,2189.0,4.767967834758224,5.46184377224529
engie_lhb,all,timesfm-3.0 + noisy wind,4,5.095295174751068,8.102363856908832,-0.02903090694361705,3.9913439191275772,71.03700319780721,2189.0,6.434658487531964,8.282473926407274
engie_lhb,all,timesfm-3.0 + noisy wind,5,5.644856466599395,8.843830993317631,-0.14404438206112086,4.408567184074424,71.49383280036547,2189.0,7.5571925509664855,9.641448874383107
engie_lhb,all,timesfm-3.0 + noisy wind,6,5.84779283839212,9.181047117734913,-0.13367331114688022,4.594913470013394,71.9506624029237,2189.0,9.903608133264076,11.315401114691603
engie_lhb,all,timesfm-3.0 + noisy wind,7,6.049581740418313,9.450643202144104,-0.10912792357955656,4.7694094618440595,71.4024668798538,2189.0,11.463472188415114,12.588305308079473
engie_lhb,all,timesfm-3.0 + noisy wind,8,6.162150563911877,9.561949024923745,-0.04320217000197919,4.873469138911713,72.08771128369118,2189.0,13.056704416657205,14.730901437028487
engie_lhb,all,timesfm-3.0 + noisy wind,9,6.432509926443297,9.882017372185887,-0.02584528849232564,5.0722602098385625,71.72224760164458,2189.0,14.346145519459775,16.582891640009777
engie_lhb,all,timesfm-3.0 + noisy wind,10,6.610225171347041,10.096659896896561,-0.07462499266974935,5.198898074067247,71.4024668798538,2189.0,15.44956515659649,17.559023934510332
engie_lhb,all,timesfm-3.0 + noisy wind,11,6.882338602669569,10.52184642991056,-0.3459050161019336,5.438549831482276,71.17405207857469,2189.0,16.975842443421087,17.35214261880431
engie_lhb,all,timesfm-3.0 + noisy wind,12,7.077123916659602,10.73196929240216,-0.3867053620856725,5.582803693126155,70.6258565555048,2189.0,16.527916257694496,16.904654571429955
engie_lhb,all,timesfm-3.0 + noisy wind,13,7.340860340840969,11.225596098869,-0.41434580196223675,5.786768864925557,70.76290543627228,2189.0,17.479249278443653,18.54027690510327
engie_lhb,all,timesfm-3.0 + noisy wind,14,7.513061119025553,11.456491180620194,-0.5177092919221884,5.894031399269654,70.85427135678391,2189.0,17.570410607832244,18.791138530485142
engie_lhb,all,timesfm-3.0 + noisy wind,15,7.669652512735769,11.905264684501828,-0.7206232103882725,6.049013353283466,69.8949291914116,2189.0,18.97342973548054,19.058842045654146
engie_lhb,all,timesfm-3.0 + noisy wind,16,7.70465891767287,11.813694657083753,-0.8481264708649755,6.068004576945688,70.4431247144815,2189.0,19.873360058996525,20.115247045380013
engie_lhb,all,xgboost,1,2.843265460387557,4.6373805797486485,-0.5727980572453564,2.2241522340595035,72.54454088624944,2189.0,-4.707975663712438,-1.086066903227767
engie_lhb,all,xgboost,2,4.064297642193549,6.8215125129454,-0.8732737804282605,3.216984130837045,68.84422110552764,2189.0,-2.2588306103890066,0.8086875327475762
engie_lhb,all,xgboost,3,4.913269828571961,7.971163268337838,-0.8615154689759507,3.866769626589464,68.70717222476016,2189.0,-0.17926580506633094,2.5460105489608864
engie_lhb,all,xgboost,4,5.403628345421371,8.556408550991238,-0.9084443831626055,4.238707679327993,67.70214709913202,2189.0,0.772710077487504,3.1427570729645526
engie_lhb,all,xgboost,5,6.082816263860824,9.517844578674536,-1.1443558061422134,4.782416601148397,65.32663316582915,2189.0,0.38495824382104304,2.7549659624131473
engie_lhb,all,xgboost,6,6.436001694809411,10.02309928033385,-1.1843968940627534,5.04420206777153,66.19460941068981,2189.0,0.8411298458444127,3.181573096715251
engie_lhb,all,xgboost,7,6.733104114042307,10.384480238949726,-1.2538253058327091,5.271487605741103,67.74783005938785,2189.0,1.4600206707872765,3.950980185622044
engie_lhb,all,xgboost,8,6.94620968119548,10.704761428766309,-1.4365477975307692,5.45463117235619,68.0219278209228,2189.0,1.994221784696315,4.539821851868798
engie_lhb,all,xgboost,9,7.325656866952626,11.282197077310355,-1.6261110531602978,5.774327442569534,66.10324349017816,2189.0,2.453201871190047,4.7635497195461
engie_lhb,all,xgboost,10,7.581560664476837,11.6435415099558,-1.6565208711253891,5.968690428431436,66.10324349017816,2189.0,3.025353243370532,4.928467756465659
engie_lhb,all,xgboost,11,7.969508362994236,12.132083195887155,-2.030473827636693,6.290537641310791,66.33165829145729,2189.0,3.8609176071260465,4.703923556599021
engie_lhb,all,xgboost,12,8.187748915405372,12.382770008483927,-2.2266130331907865,6.4391789541261755,65.64641388761991,2189.0,3.4285012985507346,4.122857307654781
engie_lhb,all,xgboost,13,8.563287467747168,13.102584676605938,-2.3734066383905397,6.739038836083685,65.14390132480585,2189.0,3.7375896457883306,4.9197111509033835
engie_lhb,all,xgboost,14,8.721163889141247,13.385072312900995,-2.374102309134998,6.88286007564726,64.73275468250343,2189.0,4.315704742070158,5.120471348455924
engie_lhb,all,xgboost,15,8.990073949220532,13.911547614783263,-2.465736435785812,7.125306824187197,66.24029237094564,2189.0,5.023746862045209,5.418585582274849
engie_lhb,all,xgboost,16,9.09908517400333,13.880339010081059,-2.352914238700815,7.170002838841287,64.96116948378254,2189.0,5.371655082935178,6.140501770813723
engie_lhb,all,xgboost + future wind,1,2.871186849331852,4.72627958320531,-0.690034715709675,2.2520578773038826,72.72727272727273,2189.0,-5.7362272127879255,-3.02389591176202
engie_lhb,all,xgboost + future wind,2,3.9320987855795306,6.6548120700531666,-0.9746482082174577,3.127898456717477,68.34170854271356,2189.0,1.0673284644379666,3.232671317571467
engie_lhb,all,xgboost + future wind,3,4.679455256110664,7.5705765502256375,-0.936347477637624,3.693571466440159,67.06258565555048,2189.0,4.588103588628501,7.443510761533146
engie_lhb,all,xgboost + future wind,4,5.048004215849481,7.946693310567665,-1.0079002077841854,3.9693223014622143,66.925536774783,2189.0,7.303066414516335,10.044640825485985
engie_lhb,all,xgboost + future wind,5,5.5780004577355315,8.734394914919928,-1.1545919820463075,4.408036279919541,65.0525354042942,2189.0,8.652057795243683,10.759571268666491
engie_lhb,all,xgboost + future wind,6,5.820195425526295,9.157255754252988,-1.2249981851195362,4.595633565564301,64.82412060301507,2189.0,10.32879886638025,11.545214500928703
engie_lhb,all,xgboost + future wind,7,6.063528435427319,9.447953824376903,-1.4119928885483841,4.785566497956448,65.73777980813156,2189.0,11.2593602343118,12.613180130170365
engie_lhb,all,xgboost + future wind,8,6.213303409722909,9.697204163815602,-1.6236582950878984,4.909468281577163,65.87482868889904,2189.0,12.334976353191252,13.52475782140613
engie_lhb,all,xgboost + future wind,9,6.417556382238208,10.055796139064531,-1.6981414978122384,5.091672559746073,64.91548652352672,2189.0,14.545263548651722,15.115972317627035
engie_lhb,all,xgboost + future wind,10,6.570173364820385,10.199793500945642,-1.7781408065106001,5.196229773591992,63.72772955687529,2189.0,15.961862025509744,16.716920202208584
engie_lhb,all,xgboost + future wind,11,6.929310138581149,10.712232125039305,-2.052393852506828,5.481484658062997,63.590680676107816,2189.0,16.409207695650196,15.85668553498959
engie_lhb,all,xgboost + future wind,12,6.955289690671649,10.781351556701859,-2.093491599578844,5.5177768223152635,63.31658291457286,2189.0,17.96490631666544,16.522298249097446
engie_lhb,all,xgboost + future wind,13,7.133326961853626,11.214756956029921,-2.180593444601524,5.68763199627072,63.22521699406122,2189.0,19.81219248110031,18.618932289323475
engie_lhb,all,xgboost + future wind,14,7.2073083804617415,11.276397804343592,-2.229206469820409,5.7208506780314465,63.31658291457286,2189.0,20.92497837935261,20.067722941457657
engie_lhb,all,xgboost + future wind,15,7.310524800827761,11.624922554513068,-2.3096737322094993,5.826092004579123,65.14390132480585,2189.0,22.767459091377752,20.96482374585249
engie_lhb,all,xgboost + future wind,16,7.307176251717283,11.412115339156324,-2.2021841129048303,5.783106443170131,64.23024211968935,2189.0,24.007086262600264,22.83074507842605
engie_lhb,all,xgboost + noisy wind,1,2.82558521557209,4.6192066505149825,-0.6540854945305282,2.2286645610385833,72.95568752855185,2189.0,-4.056871266441697,-0.6899098497326062
engie_lhb,all,xgboost + noisy wind,2,3.9428571290389556,6.647592641745156,-0.9460601681167895,3.145465339435077,68.3873915029694,2189.0,0.7966456261427002,3.3376487060576387
engie_lhb,all,xgboost + noisy wind,3,4.714322151132864,7.685603426043626,-0.9973243300831217,3.729309689483318,67.56509821836455,2189.0,3.877183963593067,6.037213140321618
engie_lhb,all,xgboost + noisy wind,4,5.161893943865707,8.11866954459611,-1.114464741425236,4.0382098882712665,66.46870717222477,2189.0,5.211699588624652,8.09789602272174
engie_lhb,all,xgboost + noisy wind,5,5.730925065743944,8.978338361123516,-1.2821792151579423,4.532082166456727,64.45865692096848,2189.0,6.147692949833017,8.267169913167816
engie_lhb,all,xgboost + noisy wind,6,6.025943290221435,9.424489365972041,-1.3070465337622197,4.757064323739949,65.14390132480585,2189.0,7.158860950382806,8.963863445862618
engie_lhb,all,xgboost + noisy wind,7,6.272415698189326,9.726252579315844,-1.3366670524198505,4.9294936533250935,66.7428049337597,2189.0,8.20226410063174,10.039115563396194
engie_lhb,all,xgboost + noisy wind,8,6.398666644638764,9.936640759601532,-1.493763468034994,5.034836446901162,66.65143901324807,2189.0,9.719640950976915,11.38957150819363
engie_lhb,all,xgboost + noisy wind,9,6.7091869239698685,10.34891483994342,-1.5403625438067488,5.268187662544536,66.14892645043399,2189.0,10.66197688929067,12.641668386288652
engie_lhb,all,xgboost + noisy wind,10,6.895365217611694,10.625029783550694,-1.578807168129211,5.440220547035265,64.91548652352672,2189.0,11.802380033849502,13.244792334734667
engie_lhb,all,xgboost + noisy wind,11,7.320554778175516,11.15757432055927,-1.9316159962869608,5.74275837231464,65.14390132480585,2189.0,11.689481091636555,12.358575340515344
engie_lhb,all,xgboost + noisy wind,12,7.466922886169846,11.350098416586226,-2.0872752327922455,5.8445828582949355,64.77843764275924,2189.0,11.930380223454605,12.118612821394581
engie_lhb,all,xgboost + noisy wind,13,7.65269249568555,11.87682865774624,-2.170117336285258,6.056198220130696,63.864778437642755,2189.0,13.973853136559345,13.814539095788557
engie_lhb,all,xgboost + noisy wind,14,7.763872350254841,12.069269344942747,-2.250786233662429,6.142467583538305,63.81909547738693,2189.0,14.818633871606824,14.447485986834351
engie_lhb,all,xgboost + noisy wind,15,7.9333518586407825,12.491072253657347,-2.371105137422153,6.2800929497786075,64.91548652352672,2189.0,16.187559900543402,15.076071041193085
engie_lhb,all,xgboost + noisy wind,16,7.909746723107348,12.347004609769051,-2.224843435390534,6.244886790009906,64.36729100045683,2189.0,17.740495136884892,16.508980330761712
engie_lhb,all,chronos-2,0,6.74560672076287,10.788735173768558,-1.2742102604258618,5.300319941799574,69.59798994974874,35024.0,4.270901395738558,5.874552749093942
engie_lhb,all,chronos-2 + future wind,0,6.192532800788569,9.880355267494537,-0.5002103442533427,4.872625711171079,67.44803563270901,35024.0,12.119753250339071,13.799639756481508
engie_lhb,all,chronos-2 + noisy wind,0,6.314816748657131,9.956229745596312,0.018892358818717883,4.977259414881621,71.05698949291914,35024.0,10.384381980146761,13.137679010274395
engie_lhb,all,persistence,0,7.046558276547467,11.462081178758707,0.005530560449949915,7.046558276547467,0.4682503426222019,35024.0,0.0,0.0
engie_lhb,all,power-curve,0,7.6966450470315015,11.825539806926285,-3.0381425170081178,6.025678703871101,67.71356783919597,35024.0,-9.225592764167857,-3.1709653988590825
engie_lhb,all,power-curve + noisy wind,0,8.703328497507329,13.325955071399347,-2.6400322274700723,6.8435534816208206,63.345134764732755,35024.0,-23.51176497715155,-16.26121699517129
engie_lhb,all,t0-alpha,0,6.809857458430377,10.933292470450306,-1.1758959582729298,5.3667280672988165,67.66217450890818,35024.0,3.359098283553308,4.613374308396468
engie_lhb,all,t0-alpha + future wind,0,6.088217835786701,9.741138652959718,-0.7895124984388341,4.770120225440964,67.0568752855185,35024.0,13.600120841267128,15.014223847831442
engie_lhb,all,t0-alpha + noisy wind,0,6.436349810331532,10.229561653065577,-0.7134414628170629,5.029656523546202,66.85701233439927,35024.0,8.659666780119391,10.753016895197087
engie_lhb,all,t0-beta,0,6.81784373166453,10.959955452172299,-0.9910160273514472,5.357943794990294,69.24965737779807,35024.0,3.245762483000403,4.380755281309101
engie_lhb,all,t0-beta + future wind,0,5.982459077866101,9.554402697518295,-0.5095172968053483,4.69148129595127,68.75,35024.0,15.10097776701752,16.643386584765096
engie_lhb,all,t0-beta + noisy wind,0,6.189363095144237,9.847534146321884,-0.629908867568194,4.85107124463241,68.86706258565555,35024.0,12.164735573906604,14.085984973033238
engie_lhb,all,timesfm-3.0,0,6.771229221760144,10.836046258770383,-1.0629886074485175,5.327409022497223,70.90566468707172,35024.0,3.907284151806134,5.461791015304263
engie_lhb,all,timesfm-3.0 + future wind,0,5.802781893988332,9.289971208257068,-0.7345619021592322,4.566342791575353,68.91274554591138,35024.0,17.650835113344666,18.950397721200474
engie_lhb,all,timesfm-3.0 + noisy wind,0,6.075599999281984,9.673666794663172,-0.2632770938358459,4.788921615858374,70.81144358154408,35024.0,13.779184662348577,15.602876617291706
engie_lhb,all,xgboost,0,6.866292395026489,10.950697620692646,-1.583814743781622,5.405580884939287,66.89698492462311,35024.0,2.558211746022776,4.4615244831256895
engie_lhb,all,xgboost + future wind,0,6.00227742540346,9.633858902595167,-1.59799984225599,4.7528999789193085,65.50079945180448,35024.0,14.819729152309835,15.95017735131351
engie_lhb,all,xgboost + noisy wind,0,6.295268898251157,10.067852480117093,-1.5804065054566387,4.963407565768629,66.02044312471448,35024.0,10.661791882098948,12.163835492854213
engie_lhb,available,chronos-2,1,2.7409164333645917,4.524436484736369,-0.06869399723563505,2.16931458837377,65.04065040650406,2091.0,-2.3954582379529077,-0.43609507785760115
engie_lhb,available,chronos-2,2,3.8929594673228656,6.5020626307759235,-0.4143473313496766,3.1060427539366864,65.90257879656161,2094.0,-0.10441478229725742,1.23777372434426
engie_lhb,available,chronos-2,3,4.80172950480472,7.892593414480989,-0.43784769415332997,3.7672124260360014,66.98473282442748,2096.0,1.3018629786441305,2.949517109579869
engie_lhb,available,chronos-2,4,5.217802709513698,8.24100828285996,-0.5179303637184463,4.069732251964492,67.75119617224881,2090.0,2.663097721717611,4.433855634184591
engie_lhb,available,chronos-2,5,5.852290020312937,9.264653020752087,-0.8933132261544303,4.574030612438141,68.37075967510751,2093.0,3.8747101117117655,5.419101078615296
engie_lhb,available,chronos-2,6,6.208711401543006,9.7315885941591,-0.9971246740765021,4.838598704008956,69.09871244635193,2097.0,4.0095356456276265,6.008630957280081
engie_lhb,available,chronos-2,7,6.5133765541805655,10.135331452726389,-1.1576558486498725,5.089694473719171,70.29608404966571,2094.0,4.498992950855795,6.388347502405855
engie_lhb,available,chronos-2,8,6.746981938375044,10.513579458737713,-1.1971691490459317,5.298136356410656,71.22370936902486,2092.0,4.696061202597357,6.500931371063201
engie_lhb,available,chronos-2,9,7.10333117915234,11.058937505138397,-1.3086470348677008,5.620526137239181,70.37213740458014,2096.0,5.5135078089058815,6.771137902643498
engie_lhb,available,chronos-2,10,7.388828223471604,11.387328719867622,-1.3331027582348447,5.8232023500545465,70.29985721085198,2101.0,4.758168341569724,5.946235196544958
engie_lhb,available,chronos-2,11,7.84754155026049,11.87125975180728,-1.7206498639248766,6.1463687213431255,70.54337464251668,2098.0,4.69122132109433,5.712406499559353
engie_lhb,available,chronos-2,12,8.074157161051446,12.246476290311968,-1.8060038761442123,6.354660295729427,69.73180076628353,2088.0,4.787101133767601,5.126338220669579
engie_lhb,available,chronos-2,13,8.399936622351074,12.792249761014423,-1.9105969279636115,6.596204043898808,70.19645424053665,2087.0,4.930950803443245,6.3818017844554875
engie_lhb,available,chronos-2,14,8.669541555133458,13.245717611119328,-1.9746337882597367,6.79232971410275,69.70855231724798,2093.0,4.649252819729355,6.023697258863924
engie_lhb,available,chronos-2,15,8.863396332865717,13.55201629304559,-2.2260988630864094,6.969932830592864,69.91869918699187,2091.0,5.664050949932998,6.216313902070947
engie_lhb,available,chronos-2,16,9.036289180588076,13.662295674805362,-2.270149677977624,7.0767079359446,70.28189202102246,2093.0,5.902947713825646,6.747961035519079
engie_lhb,available,chronos-2 + future wind,1,2.6987718246872148,4.56944816900949,0.07381789230430756,2.1353085968594456,65.47106647537063,2091.0,-0.8210153015508315,-1.4352908487610172
engie_lhb,available,chronos-2 + future wind,2,3.861161798859053,6.467520041858687,-0.23754419924246134,3.0543387193095692,65.09073543457498,2094.0,0.7132374485389503,1.7624538414879432
engie_lhb,available,chronos-2 + future wind,3,4.737280257652799,7.769693494981253,-0.18031892549344905,3.7100253526217446,65.07633587786259,2096.0,2.6265982891106043,4.460743636561371
engie_lhb,available,chronos-2 + future wind,4,5.077644860225454,8.041257496587635,-0.19134108831871838,3.9525619458008014,66.17224880382776,2090.0,5.277709971205214,6.750248461721142
engie_lhb,available,chronos-2 + future wind,5,5.565978943051944,8.9415913659995,-0.40801763442462174,4.37361201642979,66.50740563784042,2093.0,8.577439334702209,8.717169732140473
engie_lhb,available,chronos-2 + future wind,6,5.795781888789564,9.280223496513901,-0.4393373964364133,4.556974412900841,66.71435383881736,2097.0,10.393677718164119,10.368086050895142
engie_lhb,available,chronos-2 + future wind,7,6.055165787948155,9.546680965740736,-0.4493281813380704,4.750323636379167,67.52626552053485,2094.0,11.217411462659532,11.825223946680152
engie_lhb,available,chronos-2 + future wind,8,6.178206073525505,9.693636458435282,-0.3812606487868712,4.8741508104581746,69.16826003824092,2092.0,12.730257930581413,13.792825359972827
engie_lhb,available,chronos-2 + future wind,9,6.443761417345519,10.00830315395769,-0.3084352493578931,5.077640874197292,68.22519083969466,2096.0,14.28691729477457,15.628177287797874
engie_lhb,available,chronos-2 + future wind,10,6.627838463554311,10.156552459682388,-0.38319208980321506,5.222170514541594,68.49119466920513,2101.0,14.56730944158824,16.11184503787425
engie_lhb,available,chronos-2 + future wind,11,6.965357810089524,10.600440373399111,-0.7227236578339065,5.485843331354279,67.4928503336511,2098.0,15.405386299716572,15.805901500845144
engie_lhb,available,chronos-2 + future wind,12,7.18128015032626,10.918175351273481,-0.7576574668821557,5.649388362647254,67.67241379310344,2088.0,15.316176407686378,15.416708368301169
engie_lhb,available,chronos-2 + future wind,13,7.487737465228843,11.376830000541846,-0.7985369799840895,5.875599331251419,67.8485864877815,2087.0,15.25506519196802,16.740343102023726
engie_lhb,available,chronos-2 + future wind,14,7.732374652062085,11.737649006212038,-0.9125895100566439,6.037643981440349,68.03631151457239,2093.0,14.956552677766666,16.723209050523955
engie_lhb,available,chronos-2 + future wind,15,7.869494759862884,12.002596383355078,-1.0637539570694146,6.208176318337456,67.52749880439981,2091.0,16.242461824318667,16.93872651596845
engie_lhb,available,chronos-2 + future wind,16,7.986715507359138,12.120000013386122,-1.0710374224252999,6.298409805004621,67.2718585762064,2093.0,16.83241077485488,17.274904569513836
engie_lhb,available,chronos-2 + noisy wind,1,2.725489624773471,4.589884798171944,0.1248857539352447,2.1559489462135155,68.3405069344811,2091.0,-1.819141822170045,-1.8889551308336472
engie_lhb,available,chronos-2 + noisy wind,2,3.900520547671629,6.5124671588702325,-0.23756082224503272,3.0798782722314786,67.95606494746896,2094.0,-0.29884206308150585,1.079735511504265
engie_lhb,available,chronos-2 + noisy wind,3,4.782514856044726,7.818225325247329,-0.0467386272199975,3.746946629211181,68.98854961832062,2096.0,1.6968144298313503,3.863976855919049
engie_lhb,available,chronos-2 + noisy wind,4,5.11918577179162,8.039558694599403,-0.06106199356930815,3.98946518904552,70.0,2090.0,4.502773877455601,6.769948472992093
engie_lhb,available,chronos-2 + noisy wind,5,5.633797112895779,8.933448912392963,-0.062055852277418666,4.422526212141876,71.38079311992355,2093.0,7.463509366552201,8.80029433268481
engie_lhb,available,chronos-2 + noisy wind,6,5.885489935468347,9.241314478030763,-0.008382479282890567,4.615923821303362,71.24463519313305,2097.0,9.006736612336574,10.743884090439659
engie_lhb,available,chronos-2 + noisy wind,7,6.127712457342753,9.512298707162268,0.009164851731401667,4.8233790133769485,71.39446036294174,2094.0,10.153711256228426,12.142784359691039
engie_lhb,available,chronos-2 + noisy wind,8,6.258243230776603,9.66472752660652,0.11038333492560559,4.9565014297292525,72.22753346080306,2092.0,11.599699644543682,14.049917458021355
engie_lhb,available,chronos-2 + noisy wind,9,6.583273983616306,10.023099411793694,0.31175564528218047,5.191716736172362,71.56488549618321,2096.0,12.431160795318041,15.503442133022949
engie_lhb,available,chronos-2 + noisy wind,10,6.760148324396405,10.215840223656686,0.28228095078714976,5.350298937169802,71.4897667777249,2101.0,12.86183827458467,15.622157109674506
engie_lhb,available,chronos-2 + noisy wind,11,7.112434769039363,10.655177067379864,-0.09885860767788962,5.6033488934074445,72.16396568160152,2098.0,13.619129388614093,15.37115478823704
engie_lhb,available,chronos-2 + noisy wind,12,7.339672814181801,11.003664586058973,0.0005041204098397414,5.800221132243351,71.59961685823755,2088.0,13.448362296068705,14.754421800757767
engie_lhb,available,chronos-2 + noisy wind,13,7.694936217180711,11.558848431271015,0.02020535195801464,6.054305078299645,71.6339242932439,2087.0,12.91002507697917,15.40826799051226
engie_lhb,available,chronos-2 + noisy wind,14,7.9760015929439305,11.973167253146494,-0.1221159736101424,6.24195993059937,70.71189679885333,2093.0,12.277055648010515,15.052243782746089
engie_lhb,available,chronos-2 + noisy wind,15,8.108222976806651,12.219875255421575,-0.19337728686486372,6.401077023748898,69.87087517934003,2091.0,13.701601406409402,15.435096864633591
engie_lhb,available,chronos-2 + noisy wind,16,8.205223289309826,12.304978003943209,-0.07230703458322398,6.478704033561902,70.7596751075012,2093.0,14.557036694605296,16.012336755613365
engie_lhb,available,persistence,1,2.6767949287311947,4.504791311558904,-0.02611180088365599,2.6767949287311947,0.19129603060736491,2091.0,0.0,0.0
engie_lhb,available,persistence,2,3.8888988820214427,6.583552108908505,-0.18323048170553366,3.8888988820214427,0.19102196752626552,2094.0,0.0,0.0
engie_lhb,available,persistence,3,4.8650659979182205,8.132461765690058,-0.061360894509226105,4.8650659979182205,0.19083969465648853,2096.0,0.0,0.0
engie_lhb,available,persistence,4,5.360559651463126,8.623355412680873,0.017496927188713075,5.360559651463126,0.19138755980861244,2090.0,0.0,0.0
engie_lhb,available,persistence,5,6.088189723135463,9.795479982118623,-0.046997085872883156,6.088189723135463,0.19111323459149546,2093.0,0.0,0.0
engie_lhb,available,persistence,6,6.46805017904906,10.353704487202442,0.028259098772046663,6.46805017904906,0.19074868860276584,2097.0,0.0,0.0
engie_lhb,available,persistence,7,6.820217666216675,10.82699768918925,0.049045736432554776,6.820217666216675,0.19102196752626552,2094.0,0.0,0.0
engie_lhb,available,persistence,8,7.079436614595537,11.244582018738837,0.1364081853584838,7.079436614595537,0.19120458891013384,2092.0,0.0,0.0
engie_lhb,available,persistence,9,7.517827167068722,11.862139316459567,0.2008404764274256,7.517827167068722,0.19083969465648853,2096.0,0.0,0.0
engie_lhb,available,persistence,10,7.757965270943617,12.107254551334357,0.1430290595081492,7.757965270943617,0.19038553069966682,2101.0,0.0,0.0
engie_lhb,available,persistence,11,8.233807692257583,12.590479098134793,-0.0670700606269575,8.233807692257583,0.19065776930409914,2098.0,0.0,0.0
engie_lhb,available,persistence,12,8.480108532768321,12.90819397146958,-0.05808543731870314,8.480108532768321,0.19157088122605362,2088.0,0.0,0.0
engie_lhb,available,persistence,13,8.835616526451288,13.664276823146952,-0.08755099996915257,8.835616526451288,0.19166267369429804,2087.0,0.0,0.0
engie_lhb,available,persistence,14,9.092263890436826,14.09474221134825,-0.08717058346642889,9.092263890436826,0.19111323459149546,2093.0,0.0,0.0
engie_lhb,available,persistence,15,9.395565976827815,14.450291790508805,-0.14780526634060215,9.395565976827815,0.19129603060736491,2091.0,0.0,0.0
engie_lhb,available,persistence,16,9.603158612350894,14.650935064282336,-0.10505297555689341,9.603158612350894,0.19111323459149546,2093.0,0.0,0.0
engie_lhb,available,power-curve,1,7.436146474847201,11.517547306289703,-3.1827876901699317,5.84387834815867,68.3405069344811,2091.0,-177.80037966419587,-155.67327118432047
engie_lhb,available,power-curve,2,7.455909689859482,11.638988184142342,-3.3270514256242185,5.868629123083729,68.48137535816619,2094.0,-91.72289936178318,-76.78888222655813
engie_lhb,available,power-curve,3,7.5567474818811595,11.569611515434948,-3.1470484272777224,5.90013878503118,68.55916030534351,2096.0,-55.32672085259931,-42.26456697584289
engie_lhb,available,power-curve,4,7.457240453235,11.309499742044459,-2.9770014293138316,5.811779801096961,67.70334928229666,2090.0,-39.11309523809887,-31.149641883176237
engie_lhb,available,power-curve,5,7.613170502023955,11.515385299737604,-3.0303279539212267,5.929711907590525,67.4629718107979,2093.0,-25.048180957526323,-17.558152543403892
engie_lhb,available,power-curve,6,7.606597917343281,11.682269721948508,-3.115087144552023,5.938675659563223,67.71578445398188,2097.0,-17.60264232306268,-12.83178630786903
engie_lhb,available,power-curve,7,7.688637824131304,11.84902885423229,-3.2464675575223674,6.017898919299414,67.00095510983763,2094.0,-12.733027014904064,-9.439654411892384
engie_lhb,available,power-curve,8,7.692970124139045,11.80287126533419,-3.2688150387151573,6.0115042444248985,67.16061185468452,2092.0,-8.666417159221362,-4.9649621983723025
engie_lhb,available,power-curve,9,7.656492371135135,11.801141030651845,-3.2244908833765704,6.001188747977903,66.84160305343512,2096.0,-1.844485128280482,0.5142266852580457
engie_lhb,available,power-curve,10,7.7076388014087955,11.734265807613605,-3.2114743400228307,5.997860610638192,66.77772489290814,2101.0,0.6487070743060985,3.080704565508985
engie_lhb,available,power-curve,11,7.803574342792389,11.983235387726811,-3.413422441786066,6.12397384631364,66.01525262154433,2098.0,5.225205221513141,4.8230389461346395
engie_lhb,available,power-curve,12,7.810502190811908,11.987103640864683,-3.3587645575143585,6.117263321694351,66.52298850574712,2088.0,7.896200141412823,7.135702582721814
engie_lhb,available,power-curve,13,7.742852930075465,11.877716389322815,-3.3069059801425693,6.042224135525637,67.36942980354576,2087.0,12.367711897685963,13.074679743005113
engie_lhb,available,power-curve,14,7.709218693203839,11.896615159837582,-3.321724323388504,6.018215330833789,66.79407548972766,2093.0,15.211230271128217,15.595368957800915
engie_lhb,available,power-curve,15,7.622500310174907,11.75144309397256,-3.3272731514018012,5.962244223390808,67.38402678144428,2091.0,18.871302389082267,18.676776466956156
engie_lhb,available,power-curve,16,7.558109822731802,11.632616761889327,-3.2122240107536544,5.905194588325046,67.79741997133301,2093.0,21.295584840063952,20.601540373702143
engie_lhb,available,power-curve + noisy wind,1,8.097774361992668,12.694562092086246,-2.8508885109664766,6.40279737400129,65.85365853658537,2091.0,-202.51754720078713,-181.80133582466073
engie_lhb,available,power-curve + noisy wind,2,8.333129529263298,13.096884085844383,-3.018844312242095,6.6147000468308255,64.08787010506208,2094.0,-114.27992298251151,-98.93340052890886
engie_lhb,available,power-curve + noisy wind,3,8.53294016375617,13.128956041655215,-3.0096783146557864,6.705284769487557,63.597328244274806,2096.0,-75.39207417550853,-61.43889046050981
engie_lhb,available,power-curve + noisy wind,4,8.454806868822812,12.871037080319839,-2.8179631661354003,6.640827583853907,63.54066985645933,2090.0,-57.72246590922896,-49.25787543666167
engie_lhb,available,power-curve + noisy wind,5,8.645825137863921,13.248614649762999,-2.9138069679123997,6.807631199703958,62.87625418060201,2093.0,-42.009785027054924,-35.25232733820065
engie_lhb,available,power-curve + noisy wind,6,8.80142670169304,13.444645971455957,-2.7260498481575652,6.900382744036049,62.85169289461135,2097.0,-36.07542393845553,-29.85348372724015
engie_lhb,available,power-curve + noisy wind,7,8.8005482201965,13.411416892076087,-2.6290339123496334,6.896655084002652,62.46418338108882,2094.0,-29.03617818224793,-23.870137198490184
engie_lhb,available,power-curve + noisy wind,8,8.611320927026366,13.207145595839798,-2.576680403554748,6.770713585400828,62.8585086042065,2092.0,-21.63850594089045,-17.45341510987597
engie_lhb,available,power-curve + noisy wind,9,8.590878581812127,13.138149515646084,-2.4808480331642357,6.742450544901588,62.786259541984734,2096.0,-14.273424899202602,-10.756998928649919
engie_lhb,available,power-curve + noisy wind,10,8.618129083962932,13.144030663949248,-2.5521377330675623,6.740162359844583,63.44597810566397,2101.0,-11.08749244136138,-8.563263522865515
engie_lhb,available,power-curve + noisy wind,11,8.7573291567591,13.392082168543805,-2.9082589268073895,6.882162076506453,62.34509056244042,2098.0,-6.358193973777104,-6.366740011726524
engie_lhb,available,power-curve + noisy wind,12,8.835953594517784,13.466171108604318,-2.8494595423308273,6.942912769013117,61.59003831417624,2088.0,-4.196232399319277,-4.3226584475567265
engie_lhb,available,power-curve + noisy wind,13,8.817191856656498,13.410778484683373,-2.7683848080385265,6.931470807308052,61.76329659798754,2087.0,0.208527268466574,1.8551903020155414
engie_lhb,available,power-curve + noisy wind,14,8.705449406196628,13.377697704015453,-2.901534676015392,6.857734953319029,62.44624940277114,2093.0,4.254325313270391,5.087319062532936
engie_lhb,available,power-curve + noisy wind,15,8.784813669582267,13.41739972757007,-2.8893338192549054,6.902568740952609,62.26685796269727,2091.0,6.500431253974903,7.147897619736343
engie_lhb,available,power-curve + noisy wind,16,8.775647401529847,13.40343103261979,-2.7333838209481156,6.879819035060195,62.44624940277114,2093.0,8.617073238348494,8.514842405546174
engie_lhb,available,t0-alpha,1,2.6790245089504388,4.496409295733965,-0.08023239561396545,2.1324525071263793,61.358201817312285,2091.0,-0.08329290358828345,0.18606890408954246
engie_lhb,available,t0-alpha,2,3.880596692980813,6.522501799043548,-0.4826353468974944,3.101519176775598,63.276026743075455,2094.0,0.21348431246209776,0.9273156626549262
engie_lhb,available,t0-alpha,3,4.812479725176685,7.967188942802437,-0.373911900192108,3.8157143591848284,62.40458015267175,2096.0,1.0808953622425177,2.032260681321474
engie_lhb,available,t0-alpha,4,5.2671535469981725,8.357411567481043,-0.40740188395552923,4.148205791746821,63.49282296650718,2090.0,1.7424692669814723,3.0839949471264116
engie_lhb,available,t0-alpha,5,5.915973330599517,9.426120032899087,-0.672995043605005,4.670875260313211,65.40850453893931,2093.0,2.828696219526705,3.7707182281398355
engie_lhb,available,t0-alpha,6,6.2995293426954,9.916647058427907,-0.8940579334040208,4.948068609274355,65.71292322365284,2097.0,2.6054348944218653,4.221266207807595
engie_lhb,available,t0-alpha,7,6.611062595498997,10.318392069564537,-0.9167092181435416,5.193982635225618,67.621776504298,2094.0,3.06669201708486,4.6975683769892695
engie_lhb,available,t0-alpha,8,6.840969660378544,10.69632287737129,-1.0672270976609741,5.390648513317537,67.92543021032505,2092.0,3.3684453608264664,4.875762749152313
engie_lhb,available,t0-alpha,9,7.212926850168682,11.275282666475762,-1.2102698386471604,5.710321300223829,68.08206106870229,2096.0,4.055697346111298,4.947308696412788
engie_lhb,available,t0-alpha,10,7.466684728746941,11.558786639413295,-1.40598942289458,5.906931797800444,68.68158019990481,2101.0,3.7545997181455237,4.530076654418858
engie_lhb,available,t0-alpha,11,7.947653524334045,11.99485685849795,-1.7142655217138005,6.220837558227241,69.73307912297426,2098.0,3.475356464696333,4.730735303989187
engie_lhb,available,t0-alpha,12,8.166211960196112,12.340032288625155,-1.7372767828876263,6.407151919453905,69.34865900383141,2088.0,3.7015631505100455,4.401558297777419
engie_lhb,available,t0-alpha,13,8.448934917100754,12.922394744195632,-1.761176570348801,6.646929917443741,70.77144226161955,2087.0,4.376396465293853,5.42935486856202
engie_lhb,available,t0-alpha,14,8.737811991251474,13.416205170806576,-1.957836220445013,6.860978148652287,70.28189202102246,2093.0,3.898389921988088,4.814114585191598
engie_lhb,available,t0-alpha,15,8.956134587354667,13.733729542928174,-2.15192117675501,7.0558525786242985,70.3012912482066,2091.0,4.67700818191169,4.958808153972926
engie_lhb,available,t0-alpha,16,9.118283275891184,13.83039620578534,-2.194159094662857,7.148368858098166,70.23411371237458,2093.0,5.0491234814772135,5.600590371172942
engie_lhb,available,t0-alpha + future wind,1,2.770623570165966,4.605236860039633,0.08099437468739759,2.1759220818403224,71.54471544715447,2091.0,-3.5052607290781967,-2.229749205540199
engie_lhb,available,t0-alpha + future wind,2,3.8662749669395806,6.486682931437305,-0.27054625423549966,3.064283253622423,68.86341929321873,2094.0,0.581756321473248,1.4713816473043817
engie_lhb,available,t0-alpha + future wind,3,4.633555206504282,7.65035269439797,-0.5719038410409523,3.64278396852364,65.93511450381679,2096.0,4.758636193486431,5.92820581494834
engie_lhb,available,t0-alpha + future wind,4,5.042376313501807,7.976526289854953,-0.5778289392456922,3.9266329156615907,63.77990430622009,2090.0,5.9356365500843555,7.500898337957174
engie_lhb,available,t0-alpha + future wind,5,5.549114449399136,8.737402529405276,-0.6406341696308878,4.322858273725648,65.36072623029145,2093.0,8.854442753119384,10.801690725159341
engie_lhb,available,t0-alpha + future wind,6,5.73402615488199,9.089899320372089,-0.9179432880007617,4.5112999010286545,64.8068669527897,2097.0,11.348459023164025,12.206309040329122
engie_lhb,available,t0-alpha + future wind,7,6.004197607216151,9.373553007813902,-0.9972361578764944,4.693629930874653,65.37726838586437,2094.0,11.964721639935416,13.424263337809816
engie_lhb,available,t0-alpha + future wind,8,6.146149578173521,9.525257126580676,-1.1462149723287764,4.807687622381216,64.1491395793499,2092.0,13.18306932076878,15.290251690040101
engie_lhb,available,t0-alpha + future wind,9,6.448337412516114,9.979176334905736,-1.159544429193698,5.044039188684331,64.2175572519084,2096.0,14.22604870776263,15.873721689822718
engie_lhb,available,t0-alpha + future wind,10,6.598050002435085,10.225313627666022,-0.9889788091224858,5.160222428392511,64.54069490718706,2101.0,14.951282043667224,15.543911426731539
engie_lhb,available,t0-alpha + future wind,11,6.906007559298335,10.577879959828799,-1.3793173168893063,5.399108038524317,64.8236415633937,2098.0,16.12619801902594,15.98508780022635
engie_lhb,available,t0-alpha + future wind,12,7.094306826221158,10.870409463012221,-1.1882251949610971,5.543793610932362,65.75670498084291,2088.0,16.341792103158028,15.786751523577847
engie_lhb,available,t0-alpha + future wind,13,7.273586292394452,11.260413037150638,-1.0908490156249997,5.712853496896617,67.17776712985146,2087.0,17.67879162003656,17.592323524390462
engie_lhb,available,t0-alpha + future wind,14,7.446557550202614,11.492018597595514,-0.7672363855870222,5.803277822791804,68.51409460105113,2093.0,18.100072325938022,18.46591852994074
engie_lhb,available,t0-alpha + future wind,15,7.476348310511229,11.52986681558085,-1.0681173548203695,5.858850292851691,70.15781922525107,2091.0,20.42684465257263,20.21014535392386
engie_lhb,available,t0-alpha + future wind,16,7.612528543008681,11.617306453540497,-1.1740716251367505,5.940839454727152,71.57190635451505,2093.0,20.72890961919558,20.706040927978407
engie_lhb,available,t0-alpha + noisy wind,1,2.904124784979354,4.838967573509079,0.08934480110913835,2.275613175251318,71.59253945480631,2091.0,-8.492613827384755,-7.418240687259092
engie_lhb,available,t0-alpha + noisy wind,2,3.9931139685080823,6.716650115554496,-0.32029943871949723,3.171949816033362,69.29321872015282,2094.0,-2.679809623449736,-2.0216746893503057
engie_lhb,available,t0-alpha + noisy wind,3,4.826152128393147,7.983922448531389,-0.6535782095717694,3.814800507079421,65.55343511450383,2096.0,0.7998631373495213,1.8264988073517952
engie_lhb,available,t0-alpha + noisy wind,4,5.274404122056283,8.33035858769983,-0.6579261982339693,4.117648311535734,64.06698564593302,2090.0,1.6072114668722715,3.3977125023767707
engie_lhb,available,t0-alpha + noisy wind,5,5.913080186420111,9.236613788535536,-0.7235832204931775,4.582524867956507,64.59627329192547,2093.0,2.876216817782895,5.7053477175522005
engie_lhb,available,t0-alpha + noisy wind,6,6.117534926151425,9.545236530602647,-0.9103305340267502,4.777666453759121,64.37768240343348,2097.0,5.419179554806242,7.808489778697969
engie_lhb,available,t0-alpha + noisy wind,7,6.322533761838709,9.84024717541278,-0.895911435896238,4.937766253925158,64.99522445081183,2094.0,7.297185056764355,9.11379629056115
engie_lhb,available,t0-alpha + noisy wind,8,6.5321555243943745,10.06272405157561,-1.0069721575384873,5.085572524056285,64.19694072657744,2092.0,7.730574055467132,10.510465975468787
engie_lhb,available,t0-alpha + noisy wind,9,6.776966107842206,10.442524096550423,-0.9580255432248361,5.296883946340695,64.31297709923665,2096.0,9.854723216726802,11.967615469996428
engie_lhb,available,t0-alpha + noisy wind,10,6.932562482085513,10.72441356468439,-0.8545633392662958,5.423253269676116,64.44550214183722,2101.0,10.639423612136245,11.421590095316548
engie_lhb,available,t0-alpha + noisy wind,11,7.272277807476086,11.07182915161463,-1.288085717626633,5.657055734014345,65.06196377502384,2098.0,11.677827813317087,12.061891645927458
engie_lhb,available,t0-alpha + noisy wind,12,7.513920796713065,11.413647007418854,-1.0556754178771814,5.838864577084985,65.90038314176245,2088.0,11.393577479837347,11.578280953586983
engie_lhb,available,t0-alpha + noisy wind,13,7.704086303452308,11.760380551020871,-0.922726909914372,6.0166391214593,65.9798754192621,2087.0,12.806465962069591,13.933384816245287
engie_lhb,available,t0-alpha + noisy wind,14,7.922412991672822,12.049357867343756,-0.6278329509786118,6.1519037226821265,68.27520305781175,2093.0,12.866442426890446,14.511683245669227
engie_lhb,available,t0-alpha + noisy wind,15,7.957725405853013,12.188645119937032,-0.9278376032942461,6.221738803871647,69.2491630798661,2091.0,15.303394968657901,15.651218005557933
engie_lhb,available,t0-alpha + noisy wind,16,7.9981925222984245,12.18890797811888,-1.0094257517910195,6.2714136750045295,71.52412804586717,2093.0,16.712897858297136,16.80457305531069
engie_lhb,available,t0-beta,1,2.63141303652515,4.417814294119258,-0.1555106452695117,2.0799016286148695,66.04495456719273,2091.0,1.6953817312989283,1.93076685298319
engie_lhb,available,t0-beta,2,3.874036888304917,6.502161230006854,-0.44724938997731556,3.0726805110518884,67.43075453677173,2094.0,0.38216457067663523,1.2362760642771864
engie_lhb,available,t0-beta,3,4.803763882797226,7.937322068733866,-0.4486742623819722,3.7738797112108493,67.89122137404581,2096.0,1.260046937641246,2.3995157011308055
engie_lhb,available,t0-beta,4,5.244596865028374,8.329846521138819,-0.48089661101074244,4.103721230000329,67.08133971291866,2090.0,2.1632589500818478,3.403650638247391
engie_lhb,available,t0-beta,5,5.897268435383026,9.382658612564132,-0.7106931923414571,4.620519933875246,68.22742474916387,2093.0,3.1359286821651677,4.214406749930433
engie_lhb,available,t0-beta,6,6.286685803871618,9.924454899975792,-0.6596856709735263,4.905239929744077,68.19265617548879,2097.0,2.8040038366570985,4.145855116467912
engie_lhb,available,t0-beta,7,6.604676045194265,10.340594215496766,-0.772679345878217,5.157594096313346,69.29321872015282,2094.0,3.1603334610576406,4.492505564845162
engie_lhb,available,t0-beta,8,6.8878823793499295,10.730541006718955,-0.8050871718706951,5.377115293193302,70.26768642447419,2092.0,2.7057836050213946,4.571455045312001
engie_lhb,available,t0-beta,9,7.280828161996663,11.328804991935177,-0.8884006132462167,5.727937268193864,68.75,2096.0,3.152493397430256,4.496105721708643
engie_lhb,available,t0-beta,10,7.505326791455674,11.598810075619905,-0.9913195165146481,5.921179216014312,68.82436934792956,2101.0,3.2565043882597178,4.1995026499084815
engie_lhb,available,t0-beta,11,7.9568428666271025,12.08134930777391,-1.2212892010152028,6.251411823340762,69.01811248808389,2098.0,3.363751449902297,4.043768202882026
engie_lhb,available,t0-beta,12,8.2132686534761,12.455221902843876,-1.3764709931361643,6.445446799496842,69.39655172413794,2088.0,3.146656416732352,3.5091823815700973
engie_lhb,available,t0-beta,13,8.453807414088324,12.987237460548076,-1.4898100237529492,6.663593556025531,70.34020124580738,2087.0,4.321250375906849,4.954812986897251
engie_lhb,available,t0-beta,14,8.796363339356802,13.488616185514365,-1.6436540097481016,6.885527700229,69.66077400860009,2093.0,3.254421062187274,4.300369717623265
engie_lhb,available,t0-beta,15,9.043184362198664,13.787836282448026,-1.803942985646727,7.092518891518842,70.44476327116213,2091.0,3.750509713818473,4.584374611008835
engie_lhb,available,t0-beta,16,9.203542958556854,13.938108629168573,-1.9382692911204422,7.20790055991767,70.1863354037267,2093.0,4.161293902613283,4.865398911306151
engie_lhb,available,t0-beta + future wind,1,2.5916446526987897,4.380404690380577,-0.011266260875985519,2.0563428483075956,65.94930655188905,2091.0,3.1810533977948863,2.761207180877867
engie_lhb,available,t0-beta + future wind,2,3.790322012209389,6.360488005411551,-0.2645414146574128,3.0087957071564175,67.71728748806113,2094.0,2.5348272815160944,3.3882029003023395
engie_lhb,available,t0-beta + future wind,3,4.615344492760444,7.56354694961385,-0.2865421533897461,3.612586827195535,67.60496183206108,2096.0,5.132952055833007,6.995603944630835
engie_lhb,available,t0-beta + future wind,4,4.978557033941237,7.851386285115865,-0.2844949683754951,3.8740191682921417,66.98564593301435,2090.0,7.1261704441181735,8.952073649078718
engie_lhb,available,t0-beta + future wind,5,5.519066606788399,8.667206567605199,-0.40633316471007574,4.290403943433339,67.17630195891066,2093.0,9.347985891181487,11.518306571735703
engie_lhb,available,t0-beta + future wind,6,5.695221070635664,9.008872665329228,-0.37185323757663036,4.46441104781928,67.5727229375298,2097.0,11.948409289042006,12.988895168250892
engie_lhb,available,t0-beta + future wind,7,5.968557822295282,9.342719077375003,-0.465003325895251,4.672522224838726,67.1919770773639,2094.0,12.487282453462035,13.709050786039223
engie_lhb,available,t0-beta + future wind,8,6.1421997059251385,9.51232939678466,-0.36422984868346936,4.774284759458722,69.69407265774379,2092.0,13.238862916550676,15.40522021243136
engie_lhb,available,t0-beta + future wind,9,6.394968715790717,9.894942931365717,-0.28681316906651466,5.000748739302062,68.51145038167938,2096.0,14.935943941310626,16.58382465938689
engie_lhb,available,t0-beta + future wind,10,6.513715941756993,10.009501281344486,-0.42264470602279425,5.104042562631382,67.49167063303189,2101.0,16.038346212334666,17.326415836847797
engie_lhb,available,t0-beta + future wind,11,6.78261299874579,10.284245652827515,-0.5462508494504242,5.3124630375368,68.58913250714966,2098.0,17.6248310350554,18.317281076690183
engie_lhb,available,t0-beta + future wind,12,6.9685416049714135,10.585615518861538,-0.6572225227789079,5.447538929839624,68.96551724137932,2088.0,17.824853561201515,17.99305509152974
engie_lhb,available,t0-beta + future wind,13,7.07534591469089,10.898115589970574,-0.7332815173379283,5.569360231032795,69.19022520364159,2087.0,19.922442384078753,20.24374409987485
engie_lhb,available,t0-beta + future wind,14,7.270301390436409,11.228489929295895,-0.8651175461218925,5.689573152593592,69.61299569995222,2093.0,20.038601188387663,20.335613373223794
engie_lhb,available,t0-beta + future wind,15,7.341993926443612,11.412627035999314,-1.1977106925619554,5.789321673385413,70.10999521759923,2091.0,21.856821137214144,21.021476926193838
engie_lhb,available,t0-beta + future wind,16,7.455319300135605,11.520218127868766,-1.6884385175942076,5.852566211211044,70.47300525561396,2093.0,22.36596727094451,21.36871757793792
engie_lhb,available,t0-beta + noisy wind,1,2.6737270776233113,4.49988074492647,-0.019144655025737492,2.1148418676256022,66.76231468197035,2091.0,0.11460911984533251,0.10900763859656992
engie_lhb,available,t0-beta + noisy wind,2,3.8952906244500034,6.492666529806682,-0.3668978550351642,3.09216043053975,67.14422158548233,2094.0,-0.1643586686737919,1.3804945658262846
engie_lhb,available,t0-beta + noisy wind,3,4.733589409766632,7.757664464990382,-0.4728756769574032,3.731433783976133,66.79389312977099,2096.0,2.7024625813472647,4.608657396717231
engie_lhb,available,t0-beta + noisy wind,4,5.142728135675121,8.12912745753673,-0.49974086343278223,4.018940957851209,66.98564593301435,2090.0,4.0635965263169815,5.7312720106301835
engie_lhb,available,t0-beta + noisy wind,5,5.739139731499841,8.972962015537775,-0.5996812339835996,4.462436382180219,67.4629718107979,2093.0,5.733231182156051,8.396913352713009
engie_lhb,available,t0-beta + noisy wind,6,5.970651680350348,9.310884532392851,-0.5281445622677966,4.651224333716085,66.61897949451597,2097.0,7.6900841046326,10.071950151740905
engie_lhb,available,t0-beta + noisy wind,7,6.1830687799243895,9.623725400768755,-0.5827589932343855,4.837944761338898,67.14422158548233,2094.0,9.342060876566215,11.11362838492116
engie_lhb,available,t0-beta + noisy wind,8,6.33252007819629,9.835245346893016,-0.45094712984412066,4.9416233287784115,69.64627151051626,2092.0,10.55050814155669,12.53347318288216
engie_lhb,available,t0-beta + noisy wind,9,6.650561416064689,10.221892515952073,-0.3046178408355605,5.183960398671971,68.36832061068702,2096.0,11.536122495646417,13.82757997312959
engie_lhb,available,t0-beta + noisy wind,10,6.714440114255883,10.306701867806304,-0.4798974341056407,5.277467246946501,68.53879105188005,2101.0,13.451016087892443,14.8716843764519
engie_lhb,available,t0-beta + noisy wind,11,7.024698128323775,10.605253535443403,-0.6473984161914697,5.485983057080686,69.54242135367016,2098.0,14.68469521180048,15.767672915524633
engie_lhb,available,t0-beta + noisy wind,12,7.226260675970613,10.930096210415336,-0.7366658669253696,5.63646628952551,69.20498084291188,2088.0,14.785752469472124,15.324357268153443
engie_lhb,available,t0-beta + noisy wind,13,7.355139704457885,11.275405820778294,-0.8526425139343194,5.778349281640906,69.09439386679445,2087.0,16.755784019839272,17.48260104275675
engie_lhb,available,t0-beta + noisy wind,14,7.528506691134929,11.550859126595816,-1.0069600953760913,5.867633681488766,69.89966555183946,2093.0,17.198766095500638,18.048454144157745
engie_lhb,available,t0-beta + noisy wind,15,7.574119633680674,11.757659925999379,-1.4242857775239604,5.961021832897623,70.25346724055476,2091.0,19.386233332184087,18.633754276699054
engie_lhb,available,t0-beta + noisy wind,16,7.6585092310635545,11.868376729569254,-1.8826609468351134,6.024235647785302,70.71189679885333,2093.0,20.2501016570347,18.992360026881215
engie_lhb,available,timesfm-3.0,1,2.632786055260857,4.41339672374315,-0.1979458544219733,2.0827342895211176,67.52749880439981,2091.0,1.6440883460279831,2.0288306714951077
engie_lhb,available,timesfm-3.0,2,3.8320533012454354,6.450592616059757,-0.5086829499136605,3.050415818153785,68.38586437440306,2094.0,1.4617397494907092,2.019570752221045
engie_lhb,available,timesfm-3.0,3,4.78216269509911,7.864396836358771,-0.49591150084218655,3.758697300408445,68.65458015267176,2096.0,1.7040529944421068,3.2962335029009693
engie_lhb,available,timesfm-3.0,4,5.203568502314414,8.216558314255073,-0.5204945193315049,4.071517588589204,68.94736842105263,2090.0,2.928633563584415,4.717387594016986
engie_lhb,available,timesfm-3.0,5,5.879473181067466,9.322425514769254,-0.7310540490129084,4.604627487883011,69.70855231724798,2093.0,3.4282200713105726,4.829313808133106
engie_lhb,available,timesfm-3.0,6,6.252360730050304,9.819074175817315,-0.7765961743822357,4.891335388137265,70.00476871721507,2097.0,3.334690409443708,5.163662069416319
engie_lhb,available,timesfm-3.0,7,6.54768202706882,10.200644765132663,-0.8952053261991839,5.136281001708172,71.06017191977078,2094.0,3.995996205485275,5.785102592956126
engie_lhb,available,timesfm-3.0,8,6.824707568430764,10.608517808944896,-0.9123514088533323,5.362751125660023,71.41491395793498,2092.0,3.598154203960291,5.65662830982917
engie_lhb,available,timesfm-3.0,9,7.177541442561688,11.16086577048527,-0.9637527928946619,5.687483231206115,70.75381679389314,2096.0,4.526383979637494,5.9118640176585195
engie_lhb,available,timesfm-3.0,10,7.438171268755496,11.49303163229175,-1.095401685674024,5.896017365701732,70.87101380295098,2101.0,4.122137584011442,5.073180847386349
engie_lhb,available,timesfm-3.0,11,7.881080005657891,11.906202942953788,-1.4407060638981555,6.197746179265993,70.97235462345091,2098.0,4.283895128269388,5.434869871491832
engie_lhb,available,timesfm-3.0,12,8.09726474412539,12.25336646665661,-1.4976387308249572,6.386207995112133,70.6896551724138,2088.0,4.5146095378799656,5.072959906399809
engie_lhb,available,timesfm-3.0,13,8.416297509235799,12.830258054507885,-1.5854265257072813,6.621295945705192,71.49017728797317,2087.0,4.745781077756927,6.103643679307346
engie_lhb,available,timesfm-3.0,14,8.713232986042781,13.292406401670078,-1.6436983002125383,6.816060567648413,72.14524605828953,2093.0,4.168718692741702,5.6924475641149215
engie_lhb,available,timesfm-3.0,15,8.93095821699557,13.56452711815888,-1.7906040999898145,6.993159374434371,71.9273075083692,2091.0,4.9449683071578825,6.12973554576739
engie_lhb,available,timesfm-3.0,16,9.058069355509407,13.664684056208628,-1.8684662393909957,7.08463147272113,72.52747252747253,2093.0,5.676145514668818,6.731659131287115
engie_lhb,available,timesfm-3.0 + future wind,1,2.5904803497345212,4.3621122561380545,-0.12387339004071019,2.0521447077992776,65.662362505978,2091.0,3.2245495562705173,3.1672733663543395
engie_lhb,available,timesfm-3.0 + future wind,2,3.720328621281763,6.342222296975822,-0.33562498282848113,2.9642583391653714,66.9054441260745,2094.0,4.334652708996578,3.665647479361922
engie_lhb,available,timesfm-3.0 + future wind,3,4.539875627983346,7.564499079347935,-0.2754517108362256,3.5850317974764816,67.22328244274809,2096.0,6.684192363968444,6.9838961769029595
engie_lhb,available,timesfm-3.0 + future wind,4,4.888069568118444,7.756190876606729,-0.2746288435554592,3.8104954239462288,68.4688995215311,2090.0,8.814193182529362,10.055999023291506
engie_lhb,available,timesfm-3.0 + future wind,5,5.388125237785215,8.53589982806061,-0.49710168920675385,4.2007436292349185,68.60965121834687,2093.0,11.498729789742978,12.858789526979187
engie_lhb,available,timesfm-3.0 + future wind,6,5.5570892764641435,8.87086311966768,-0.5409783691108048,4.376658404859142,68.86027658559848,2097.0,14.084011060020051,14.321843639323573
engie_lhb,available,timesfm-3.0 + future wind,7,5.785989847061857,9.12233612903633,-0.6406974216287569,4.540019396089764,68.62464183381088,2094.0,15.164146802495338,15.744545340164084
engie_lhb,available,timesfm-3.0 + future wind,8,5.842637645596105,9.162150127532305,-0.6441934221715464,4.613303276728627,69.83747609942638,2092.0,17.470302177005838,18.51942462366505
engie_lhb,available,timesfm-3.0 + future wind,9,6.022259356820136,9.359941137106283,-0.6602892960560388,4.751647020931791,69.56106870229007,2096.0,19.89361789001759,21.093987455376663
engie_lhb,available,timesfm-3.0 + future wind,10,6.1843041959659395,9.531106081438095,-0.7651073031525001,4.869791276629421,68.77677296525464,2101.0,20.284456297730635,21.277726168005128
engie_lhb,available,timesfm-3.0 + future wind,11,6.486409057357005,9.894595575823391,-1.0440027785420565,5.10299956490851,69.06577693040991,2098.0,21.2222424935148,21.41208051972209
engie_lhb,available,timesfm-3.0 + future wind,12,6.648354180046463,10.175908027159078,-1.081488486900111,5.251987900843474,67.8639846743295,2088.0,21.60060034189072,21.167066053930974
engie_lhb,available,timesfm-3.0 + future wind,13,6.8767982895263735,10.55943936923112,-1.1491479798262856,5.41510885640445,68.99856252994729,2087.0,22.169570522450556,22.722296204189263
engie_lhb,available,timesfm-3.0 + future wind,14,7.070175971502149,10.829079148863757,-1.2780547702721161,5.518659123670527,69.0874343048256,2093.0,22.239652778462503,23.16937063137753
engie_lhb,available,timesfm-3.0 + future wind,15,7.185149636275173,11.05371362329532,-1.4904637790055375,5.655441923442246,68.24485891917743,2091.0,23.526164852699328,23.505256616647806
engie_lhb,available,timesfm-3.0 + future wind,16,7.336368664166318,11.224046354401958,-1.7551483912389179,5.749775364201745,68.99187768752985,2093.0,23.604628848566488,23.39023888130407
engie_lhb,available,timesfm-3.0 + noisy wind,1,2.606007333670016,4.394008248763435,-0.10383701252800748,2.064679380766883,67.95791487326638,2091.0,2.6444907789306082,2.45922741218243
engie_lhb,available,timesfm-3.0 + noisy wind,2,3.783055728763502,6.395351896259381,-0.24776513132112776,3.019655503647302,69.29321872015282,2094.0,2.721674089991344,2.858642409687351
engie_lhb,available,timesfm-3.0 + noisy wind,3,4.634754392514595,7.695505570333614,-0.14170980659468205,3.67984234845662,69.17938931297711,2096.0,4.733987277915174,5.37298800714826
engie_lhb,available,timesfm-3.0 + noisy wind,4,5.020848870866709,7.969804958973697,-0.07049234550301885,3.9397727414166974,70.33492822966507,2090.0,6.337226011535857,7.578841673927905
engie_lhb,available,timesfm-3.0 + noisy wind,5,5.600741210927495,8.820257739111598,-0.21418789505245048,4.369234692443478,70.99856665074057,2093.0,8.00646061267829,9.955839272677458
engie_lhb,available,timesfm-3.0 + noisy wind,6,5.7801652020194565,9.108513601788928,-0.1462861299975973,4.543237655920741,71.5307582260372,2097.0,10.635121218721544,12.02652525917285
engie_lhb,available,timesfm-3.0 + noisy wind,7,6.016857010404389,9.41256895397356,-0.17259545814356397,4.738609338979969,70.8691499522445,2094.0,11.779105816397317,13.063905394826081
engie_lhb,available,timesfm-3.0 + noisy wind,8,6.132355035937205,9.535907823967014,-0.10561045330444835,4.849004739676733,71.46271510516252,2092.0,13.377922993275382,15.195533208120649
engie_lhb,available,timesfm-3.0 + noisy wind,9,6.406436931891377,9.857136075437907,-0.08637829792442853,5.049486365770001,71.27862595419847,2096.0,14.783396990631903,16.902543356910115
engie_lhb,available,timesfm-3.0 + noisy wind,10,6.554042330325131,9.983656675739189,-0.1730870850273725,5.15110771777286,70.9662065683008,2101.0,15.51853995953827,17.5398796365533
engie_lhb,available,timesfm-3.0 + noisy wind,11,6.826419219969089,10.397470282146521,-0.4240964124655191,5.3923273481934215,70.87702573879886,2098.0,17.092802320509502,17.417993381309483
engie_lhb,available,timesfm-3.0 + noisy wind,12,7.0505640419423905,10.708379198106348,-0.43076871320007876,5.56449768217113,70.21072796934867,2088.0,16.857620221509805,17.042002763712617
engie_lhb,available,timesfm-3.0 + noisy wind,13,7.250492989301217,11.039339177093224,-0.4576656030152754,5.715314612623035,70.38811691423096,2087.0,17.940157683447076,19.210220050629744
engie_lhb,available,timesfm-3.0 + noisy wind,14,7.44620902250039,11.354800703663148,-0.5690156921701172,5.836461073956162,70.61634018155758,2093.0,18.10390555940358,19.43945810856379
engie_lhb,available,timesfm-3.0 + noisy wind,15,7.581623677216033,11.627002315283823,-0.7444282303579518,5.968153427823484,69.44045911047347,2091.0,19.306365407741144,19.53794093680078
engie_lhb,available,timesfm-3.0 + noisy wind,16,7.659659309359699,11.699830190642297,-0.9525386043793338,6.027742264750874,69.94744386048734,2093.0,20.23812561516588,20.142774919769924
engie_lhb,available,xgboost,1,2.8091787041828433,4.587329833304581,-0.5851873053416147,2.1965904243414847,72.02295552367288,2091.0,-4.9456076754597955,-1.8322385219908144
engie_lhb,available,xgboost,2,3.975912034945425,6.551534192005948,-0.8528717930443971,3.142180163762388,68.62464183381088,2094.0,-2.237475325631322,0.48633194319571693
engie_lhb,available,xgboost,3,4.88287542436978,7.953836671840234,-0.9032346206585543,3.839867851163374,68.36832061068702,2096.0,-0.3660675201359931,2.196445541292591
engie_lhb,available,xgboost,4,5.329737866284241,8.401391007426499,-0.9009302130871034,4.173711363266735,67.12918660287082,2090.0,0.5749732711298638,2.573991151147148
engie_lhb,available,xgboost,5,6.053338908554061,9.534924442519843,-1.1649798604975474,4.762128039237621,64.88294314381271,2093.0,0.5724331232478952,2.659956837994837
engie_lhb,available,xgboost,6,6.402128456931392,10.038784247521058,-1.152756428315975,5.024424849718948,65.66523605150213,2097.0,1.0191900231571793,3.041618969042803
engie_lhb,available,xgboost,7,6.717314488516428,10.419361969539056,-1.2633060783341747,5.269042974150002,67.23973256924546,2094.0,1.508796093267939,3.7649931343129217
engie_lhb,available,xgboost,8,6.918064391767466,10.727257383622444,-1.4249471471742576,5.444693091075689,67.25621414913958,2092.0,2.279450069450073,4.600656869719866
engie_lhb,available,xgboost,9,7.318988380569647,11.293160073367936,-1.6357417166385064,5.766882214219719,65.88740458015268,2096.0,2.644897017187009,4.796598892597148
engie_lhb,available,xgboost,10,7.543808489879375,11.632438267115583,-1.7027570339026457,5.943630286740793,65.63541170871014,2101.0,2.76047615044549,3.921750238301902
engie_lhb,available,xgboost,11,7.916714987089831,12.017261975248879,-2.072452209135271,6.240324796921822,66.01525262154433,2098.0,3.851106523485126,4.552782451073156
engie_lhb,available,xgboost,12,8.176518761534076,12.358163973639362,-2.2285565464006387,6.429909240860578,65.22988505747126,2088.0,3.580022237464675,4.2610918231158035
engie_lhb,available,xgboost,13,8.500740541191245,12.990579050364104,-2.4010250507095265,6.693133329761255,64.73406804024916,2087.0,3.7900692527513047,4.930358053355743
engie_lhb,available,xgboost,14,8.693613604780797,13.362668292940079,-2.408172678051142,6.864516862300197,64.40516005733397,2093.0,4.3844997292184384,5.193950392499891
engie_lhb,available,xgboost,15,8.915424185638702,13.66294599603571,-2.5003853270611036,7.061992554184778,65.71018651362984,2091.0,5.110301948528495,5.448649798132365
engie_lhb,available,xgboost,16,9.089387997591038,13.778678606414328,-2.4775271422250382,7.160862725294851,64.26182513139035,2093.0,5.350016963159199,5.9535889964763555
engie_lhb,available,xgboost + future wind,1,2.825307794641434,4.623931115002809,-0.7282019730801613,2.214225126764977,72.21425155428025,2091.0,-5.548160014657322,-2.6447352430778004
engie_lhb,available,xgboost + future wind,2,3.8678912131372942,6.420909293471103,-0.9991275365209547,3.0696524511049814,68.0515759312321,2094.0,0.5401958117571048,2.4704416817377783
engie_lhb,available,xgboost + future wind,3,4.637852258838055,7.520643241867683,-1.02902244986847,3.65823090311267,66.69847328244275,2096.0,4.670311547210082,7.523165081495609
engie_lhb,available,xgboost + future wind,4,4.9675200411625395,7.8205022968216324,-1.0703116039889817,3.90905133682322,66.60287081339713,2090.0,7.332062990723543,9.310217165334777
engie_lhb,available,xgboost + future wind,5,5.530084913649456,8.703341797657215,-1.2468998328745602,4.373456268095481,64.97849976110845,2093.0,9.167007515636016,11.1494095894747
engie_lhb,available,xgboost + future wind,6,5.753546166349601,9.100749703105947,-1.28444523498009,4.547277473134139,64.52074391988555,2097.0,11.046667742526795,12.10151193367739
engie_lhb,available,xgboost + future wind,7,6.018750255693313,9.407503849023204,-1.5086881083146815,4.756523502151962,65.37726838586437,2094.0,11.751346507507499,13.110687569310276
engie_lhb,available,xgboost + future wind,8,6.172739436352715,9.664064500028957,-1.7263870984436236,4.883032997382384,65.39196940726578,2092.0,12.807476464631417,14.055813867300582
engie_lhb,available,xgboost + future wind,9,6.39151103864876,10.027703170327786,-1.8015915666910283,5.066099476663556,64.79007633587787,2096.0,14.981936979792575,15.464631608114477
engie_lhb,available,xgboost + future wind,10,6.539890770925274,10.169217872906506,-1.9062095204896148,5.16472050416125,63.63636363636363,2101.0,15.700953245826877,16.007234920275604
engie_lhb,available,xgboost + future wind,11,6.88755689609676,10.613371575082214,-2.180214877439536,5.432679767247643,63.39370829361296,2098.0,16.35028223244429,15.703195308473017
engie_lhb,available,xgboost + future wind,12,6.955044064260385,10.789498311287222,-2.193528039135905,5.509427465715633,62.93103448275862,2088.0,17.984020636232135,16.413571603163224
engie_lhb,available,xgboost + future wind,13,7.065541128176152,11.06739981706922,-2.273377896822826,5.627980439881565,62.96118830857691,2087.0,20.03341128461201,19.004862384511167
engie_lhb,available,xgboost + future wind,14,7.178129668057794,11.236274007715926,-2.341382016105236,5.68761181805716,63.21070234113713,2093.0,21.05233905927767,20.28038654960894
engie_lhb,available,xgboost + future wind,15,7.230726010172298,11.319429559387931,-2.3959132627256463,5.740087302577651,64.70588235294117,2091.0,23.041080994956964,21.66642913866471
engie_lhb,available,xgboost + future wind,16,7.281173460015256,11.282284594191612,-2.3559507901461236,5.749784991927512,63.68848542761586,2093.0,24.17938978274572,22.992733605810535
engie_lhb,available,xgboost + noisy wind,1,2.7869747213871108,4.528385054270704,-0.6866077444287502,2.1965643456209727,72.5011956001913,2091.0,-4.1161088387200895,-0.5237477405725777
engie_lhb,available,xgboost + noisy wind,2,3.8760210915306845,6.401168911235866,-0.9520067057312819,3.0846181893207176,67.90830945558739,2094.0,0.33114233312397934,2.7702856247746377
engie_lhb,available,xgboost + noisy wind,3,4.699591658025797,7.6812288312696655,-1.0626885363328737,3.710840735511791,67.17557251908397,2096.0,3.401276364251382,5.548540496361065
engie_lhb,available,xgboost + noisy wind,4,5.096551540463677,8.008380322371758,-1.1424230852770985,3.9836530156273904,66.1244019138756,2090.0,4.925010225889192,7.131505787234249
engie_lhb,available,xgboost + noisy wind,5,5.696983004676243,8.986541269568841,-1.3399658966998367,4.509241094966717,64.30960344003822,2093.0,6.425665694559635,8.258285597300773
engie_lhb,available,xgboost + noisy wind,6,5.992543848082588,9.426158678723743,-1.3055710853472597,4.7340306330087545,64.61611826418694,2097.0,7.351617841597847,8.95858877974719
engie_lhb,available,xgboost + noisy wind,7,6.263089702750718,9.751097100156377,-1.3827468157241107,4.929087880760757,66.09360076408787,2094.0,8.168771008961183,9.937201613215073
engie_lhb,available,xgboost + noisy wind,8,6.394138459390399,9.95934012652527,-1.537772772297189,5.032123559568003,66.01338432122371,2092.0,9.680122762767196,11.429876984949217
engie_lhb,available,xgboost + noisy wind,9,6.69731563659514,10.354490812526087,-1.6086168290359124,5.260241968731666,65.79198473282443,2096.0,10.914211144248853,12.709752125752804
engie_lhb,available,xgboost + noisy wind,10,6.871569886605368,10.610141557755812,-1.6796161357192043,5.419451304662785,64.77867682056164,2101.0,11.425616812930583,12.365420973275453
engie_lhb,available,xgboost + noisy wind,11,7.281864934120705,11.062941765471429,-2.0278985407430716,5.704956641296064,64.91897044804576,2098.0,11.561391687979416,12.132479794908358
engie_lhb,available,xgboost + noisy wind,12,7.464714375079007,11.345142443090786,-2.146413519538543,5.8399722462699275,64.41570881226055,2088.0,11.973834459378551,12.108986987905034
engie_lhb,available,xgboost + noisy wind,13,7.594331920968416,11.778855971647186,-2.2226927402789975,6.015502856849526,63.63200766650695,2087.0,14.048647332835507,13.798175168011163
engie_lhb,available,xgboost + noisy wind,14,7.718519409322337,12.035209814498712,-2.337619987052582,6.109638981362989,63.73626373626373,2093.0,15.108937638285912,14.612061476309401
engie_lhb,available,xgboost + noisy wind,15,7.854099663966581,12.228202807753238,-2.4472708741073976,6.209085743616824,64.41893830703013,2091.0,16.40631673134898,15.377467908399412
engie_lhb,available,xgboost + noisy wind,16,7.893997399846222,12.248108290476413,-2.375245524234281,6.2251407756038475,63.784042044911615,2093.0,17.79790672525675,16.40050115069993
engie_lhb,available,chronos-2,0,6.709642903184221,10.720535448291301,-1.264462972836496,5.268122750589464,69.10789992237416,33494.0,4.2845174843890055,5.794476487938461
engie_lhb,available,chronos-2 + future wind,0,6.141363175587535,9.784788525171304,-0.5143337571041849,4.828757402494062,67.14336896160506,33494.0,12.391233313474814,14.01724942614746
engie_lhb,available,chronos-2 + noisy wind,0,6.263112539528187,9.85950024278565,-0.002633281782480201,4.931864616629002,70.708186540873,33494.0,10.654434606941876,13.360728443189796
engie_lhb,available,persistence,0,7.009987022830807,11.379943604812837,-0.01839133820210253,7.009987022830807,0.19107899922374158,33494.0,0.0,0.0
engie_lhb,available,power-curve,0,7.632406422354436,11.723221794889705,-3.229419462434161,5.968156024697679,67.37027527318325,33494.0,-8.879037828407865,-3.016519255259653
engie_lhb,available,power-curve + noisy wind,0,8.635192043928313,13.242552796139085,-2.7890795872463725,6.788625654869641,62.95157341613423,33494.0,-23.18413737150127,-16.367472950731575
engie_lhb,available,t0-alpha,0,6.772385379645556,10.862134848134515,-1.189146747584016,5.3347747714170834,67.16426822714516,33494.0,3.3894733672317434,4.55018737051851
engie_lhb,available,t0-alpha + future wind,0,6.037515879183581,9.630297504997506,-0.866175155904814,4.725419594459268,66.65970024481996,33494.0,13.872652552422526,15.37482223616088
engie_lhb,available,t0-alpha + noisy wind,0,6.37243766514909,10.10455979566072,-0.7952957250461805,4.977480423155129,66.46265002687048,33494.0,9.094872153190646,11.207294635561539
engie_lhb,available,t0-beta,0,6.792514663733127,10.9017870081743,-0.9894223654534505,5.330229032007721,68.8153102048128,33494.0,3.1023218500889516,4.201748385082638
engie_lhb,available,t0-beta + future wind,0,5.943913097030334,9.47434996537518,-0.5530969110173946,4.657379216104153,68.30178539439899,33494.0,15.207930090717426,16.745194050274005
engie_lhb,available,t0-beta + noisy wind,0,6.150110783094797,9.770680094747155,-0.6783011626661004,4.816548846566908,68.38538245655938,33494.0,12.26644552886449,14.141225703307425
engie_lhb,available,timesfm-3.0,0,6.7290117728877545,10.755239347461384,-1.0575984604310809,5.289914411085415,70.44246730757747,33494.0,4.00821355343377,5.48951979944129
engie_lhb,available,timesfm-3.0 + future wind,0,5.757538143777464,9.192770281467583,-0.7846338439271614,4.528542899374414,68.4241953782767,33494.0,17.866636200241825,19.21954448368487
engie_lhb,available,timesfm-3.0 + noisy wind,0,6.021774612177468,9.570916966387461,-0.3149211883315648,4.744230128540622,70.33498537051412,33494.0,14.097207418998547,15.896622173595809
engie_lhb,available,xgboost,0,6.827544061421866,10.888158048777772,-1.6044635526358344,5.375719886398225,66.44175076133038,33494.0,2.602614823889726,4.321511363440134
engie_lhb,available,xgboost + future wind,0,5.956413801892081,9.545698743399793,-1.6899693904159296,4.711822253159682,65.1967516570132,33494.0,15.029603015060466,16.11822452825953
engie_lhb,available,xgboost + noisy wind,0,6.261282482436097,10.007576409804381,-1.640768182935679,4.935171138180784,65.63862184271811,33494.0,10.680541033189595,12.059525448158205
